event_id,label,final_delta_g,pill_ratio,stage,prediction,correct
1,NONE,-0.005,-0.00589622641509434,DYNAMIC_RF,NONE,True
2,NONE,0.013,0.015330188679245283,DYNAMIC_RF,NONE,True
3,NONE,0.037,0.04363207547169811,DYNAMIC_RF,NONE,True
4,NONE,0.035,0.04127358490566038,DYNAMIC_RF,NONE,True
5,NONE,0.022,0.025943396226415092,DYNAMIC_RF,NONE,True
6,NONE,-0.044,-0.051886792452830184,DYNAMIC_RF,NONE,True
7,NONE,0.005,0.00589622641509434,DYNAMIC_RF,NONE,True
8,NONE,0.01,0.01179245283018868,DYNAMIC_RF,NONE,True
9,NONE,0.034,0.040094339622641514,DYNAMIC_RF,NONE,True
10,NONE,-0.019,-0.02240566037735849,DYNAMIC_RF,NONE,True
11,ONE,0.822,0.9693396226415094,STATIC_WEIGHT,ONE,True
12,ONE,0.75,0.8844339622641509,STATIC_WEIGHT,ONE,True
13,ONE,0.794,0.9363207547169812,STATIC_WEIGHT,ONE,True
14,ONE,0.863,1.017688679245283,STATIC_WEIGHT,ONE,True
15,ONE,0.836,0.9858490566037735,STATIC_WEIGHT,ONE,True
16,ONE,0.791,0.9327830188679246,STATIC_WEIGHT,ONE,True
17,ONE,0.806,0.9504716981132076,STATIC_WEIGHT,ONE,True
18,ONE,0.919,1.0837264150943398,STATIC_WEIGHT,ONE,True
19,ONE,0.815,0.9610849056603773,STATIC_WEIGHT,ONE,True
20,ONE,0.787,0.9280660377358492,STATIC_WEIGHT,ONE,True
21,TWO,1.519,1.7912735849056602,STATIC_WEIGHT,TWO,True
22,TWO,1.588,1.8726415094339623,STATIC_WEIGHT,TWO,True
23,TWO,1.693,1.9964622641509435,STATIC_WEIGHT,TWO,True
24,TWO,1.552,1.830188679245283,STATIC_WEIGHT,TWO,True
25,TWO,1.69,1.9929245283018868,STATIC_WEIGHT,TWO,True
26,TWO,1.667,1.965801886792453,STATIC_WEIGHT,TWO,True
27,TWO,1.658,1.955188679245283,STATIC_WEIGHT,TWO,True
28,TWO,1.605,1.892688679245283,STATIC_WEIGHT,TWO,True
29,TWO,1.613,1.902122641509434,STATIC_WEIGHT,TWO,True
30,TWO,1.815,2.140330188679245,STATIC_WEIGHT,TWO,True
31,RETURN,0.036,0.04245283018867924,DYNAMIC_RF,RETURN,True
32,RETURN,-0.068,-0.08018867924528303,DYNAMIC_RF,RETURN,True
33,RETURN,-0.081,-0.09551886792452831,DYNAMIC_RF,RETURN,True
34,RETURN,-0.032,-0.03773584905660377,DYNAMIC_RF,RETURN,True
35,RETURN,-0.084,-0.09905660377358491,DYNAMIC_RF,RETURN,True
36,RETURN,-0.001,-0.0011792452830188679,DYNAMIC_RF,RETURN,True
37,RETURN,-0.004,-0.0047169811320754715,DYNAMIC_RF,RETURN,True
38,RETURN,-0.051,-0.060141509433962265,DYNAMIC_RF,RETURN,True
39,RETURN,-0.091,-0.10731132075471699,DYNAMIC_RF,RETURN,True
40,RETURN,-0.173,-0.20400943396226415,DYNAMIC_RF,RETURN,True
41,DISTURBANCE,-0.116,-0.13679245283018868,DYNAMIC_RF,DISTURBANCE,True
42,DISTURBANCE,0.049,0.05778301886792453,DYNAMIC_RF,DISTURBANCE,True
43,DISTURBANCE,0.025,0.029481132075471702,DYNAMIC_RF,DISTURBANCE,True
44,DISTURBANCE,-0.131,-0.1544811320754717,DYNAMIC_RF,DISTURBANCE,True
45,DISTURBANCE,-0.069,-0.0813679245283019,DYNAMIC_RF,DISTURBANCE,True
46,DISTURBANCE,0.03,0.03537735849056604,DYNAMIC_RF,DISTURBANCE,True
47,DISTURBANCE,-0.037,-0.04363207547169811,DYNAMIC_RF,DISTURBANCE,True
48,DISTURBANCE,-0.053,-0.0625,DYNAMIC_RF,DISTURBANCE,True
49,DISTURBANCE,-0.014,-0.01650943396226415,DYNAMIC_RF,DISTURBANCE,True
50,DISTURBANCE,0.097,0.11438679245283019,DYNAMIC_RF,DISTURBANCE,True
