event_id,label,final_delta_g,weight_range_g,std_weight_g,max_rise_from_baseline_g,max_drop_from_baseline_g,max_abs_deviation_g,time_to_max_ms,time_to_min_ms,duration_ms,max_step_up_g,max_step_down_g,mean_abs_step_g,std_step_g,n_change_ge_0_5g,n_change_ge_2g,n_change_ge_5g,fraction_below_baseline_minus_0_4g,longest_below_points,below_episode_count,start_mean_delta_g,start_std_g,end_mean_delta_g,end_std_g,abs_area_g_ms,signed_area_g_ms,n_samples
1,NONE,-0.005,0.3119999999999994,0.0642285603020768,0.16900000000000048,0.1429999999999989,0.16900000000000048,3200.0,2000.0,5000.0,0.1479999999999997,-0.15000000000000036,0.05088000000000001,0.06411333714602604,0,0,0,0.0,0,0,-0.07080000000000197,0.02722792683991932,-0.01690000000000147,0.039350857678073635,319.40000000000225,205.00000000000344,51
2,NONE,0.013,0.3620000000000001,0.07573422741808607,0.17400000000000126,0.18799999999999883,0.18799999999999883,1200.0,3400.0,5000.0,0.30599999999999916,-0.2569999999999997,0.07383999999999989,0.0983763304865555,0,0,0,0.0,0,0,0.020799999999999486,0.05598356901806068,0.015799999999998704,0.04546163217483528,314.30000000000035,75.20000000000317,51
3,NONE,0.037,0.379999999999999,0.07599854811539383,0.1769999999999996,0.2029999999999994,0.2029999999999994,0.0,2500.0,5000.0,0.22300000000000075,-0.22600000000000087,0.08274000000000012,0.10193621731259217,0,0,0,0.0,0,0,-0.012800000000000367,0.08047459226364555,0.034600000000001074,0.06854079077454542,284.7499999999998,-17.249999999999677,51
4,NONE,0.035,0.35199999999999854,0.08147160519409638,0.12399999999999878,0.22799999999999976,0.22799999999999976,2300.0,3100.0,5000.0,0.2579999999999991,-0.270999999999999,0.07307999999999999,0.09448602859682473,0,0,0,0.0,0,0,0.010400000000000631,0.07427947226522276,0.040099999999998914,0.056310656185130856,334.7999999999995,-88.0000000000015,51
5,NONE,0.022,0.3460000000000001,0.0742927022878135,0.16300000000000026,0.18299999999999983,0.18299999999999983,2100.0,2900.0,5000.0,0.1750000000000007,-0.2840000000000007,0.07554000000000002,0.10006255843221282,0,0,0,0.0,0,0,0.021300000000000097,0.03693792089438746,0.019799999999998263,0.06132992744166577,314.65000000000026,17.650000000002564,51
6,NONE,-0.044,0.40200000000000014,0.0991050184930291,0.22300000000000075,0.17899999999999938,0.22300000000000075,300.0,3500.0,5000.0,0.18299999999999983,-0.18799999999999972,0.08968,0.10524237929655517,0,0,0,0.0,0,0,-0.04320000000000057,0.09951562691356593,-0.04470000000000063,0.0616133914015451,395.49999999999955,79.10000000000174,51
7,NONE,0.005,0.31599999999999895,0.0681544032589475,0.11299999999999955,0.2029999999999994,0.2029999999999994,4500.0,900.0,5000.0,0.19299999999999962,-0.20899999999999963,0.07219999999999992,0.08722127263460439,0,0,0,0.0,0,0,0.02579999999999849,0.07154830536078391,0.02519999999999989,0.06999971428513127,293.79999999999956,-129.59999999999906,51
8,NONE,0.01,0.2370000000000001,0.0527532466917858,0.11599999999999966,0.12100000000000044,0.12100000000000044,2900.0,2200.0,5000.0,0.13299999999999912,-0.15300000000000047,0.0523800000000001,0.0651762809617119,0,0,0,0.0,0,0,-0.026999999999999247,0.048639490128906705,0.006700000000000372,0.046951144820973165,225.95000000000036,81.25000000000185,51
9,NONE,0.034,0.3249999999999993,0.06997882362171186,0.14700000000000024,0.17799999999999905,0.17799999999999905,400.0,2100.0,5000.0,0.1609999999999996,-0.2469999999999999,0.07535999999999998,0.09345018780077437,0,0,0,0.0,0,0,-0.010000000000001563,0.07207634840916947,0.03310000000000102,0.05247561338374261,277.4,12.200000000002209,51
10,NONE,-0.019,0.40000000000000036,0.08685428188753354,0.2190000000000012,0.18099999999999916,0.2190000000000012,3200.0,2300.0,5000.0,0.19599999999999973,-0.2789999999999999,0.06871999999999982,0.09205832064512133,0,0,0,0.0,0,0,-0.07869999999999955,0.06492618886089013,-0.01670000000000016,0.034655591179490894,383.3000000000015,205.10000000000346,51
11,ONE,0.822,24.964,5.663014052192072,24.08,0.8840000000000003,24.08,1300.0,4800.0,5000.0,11.207999999999998,-13.979,1.0300399999999998,3.1449972972961358,7,5,4,0.6862745098039216,35,1,-0.005799999999998917,0.06575986617991256,0.8103999999999996,0.05186366743684813,11038.900000000001,6406.399999999998,51
12,ONE,0.75,17.908,3.730038265865542,16.993000000000002,0.9149999999999991,16.993000000000002,1400.0,4900.0,5000.0,5.910999999999998,-12.875,0.7800400000000001,2.301373884965239,7,5,2,0.6862745098039216,35,1,0.12109999999999843,0.06363717467015663,0.7394999999999987,0.08778297101374508,8165.5999999999985,2690.200000000004,51
13,ONE,0.794,236.113,56.86031107495759,235.129,0.984,235.129,1700.0,4800.0,5000.0,78.037,-120.918,9.472059999999999,25.39773363596839,11,10,10,0.5686274509803921,29,1,0.01010000000000133,0.07702655386293754,0.7818000000000005,0.09534652589371063,108367.34999999999,104478.25,51
14,ONE,0.863,27.340000000000003,7.515454770762728,26.227000000000004,1.1130000000000004,26.227000000000004,700.0,3300.0,5000.0,11.868999999999996,-16.674,1.1404800000000002,3.600565922185011,8,4,4,0.7843137254901961,40,1,-11.614300000000002,11.93163288950846,0.8635999999999999,0.05637233363982733,16957.7,9524.3,51
15,ONE,0.836,131.138,26.407374439401885,129.923,1.2149999999999999,129.923,1100.0,3200.0,5000.0,53.515000000000015,-44.673,5.2819,14.057413153052025,9,9,8,0.6862745098039216,35,1,-4.4794,11.465568849385537,0.8684000000000012,0.14489113154365257,46991.649999999994,39976.15000000001,51
16,ONE,0.791,25.028,6.242672162139569,24.158,0.8700000000000001,24.158,1600.0,5000.0,5000.0,8.056,-10.376000000000001,1.04416,2.6214518392676984,9,7,5,0.5882352941176471,30,1,0.06290000000000084,0.07883076810484599,0.7914000000000003,0.053183080016110426,13506.2,9122.599999999999,51
17,ONE,0.806,34.106,8.103365157454528,33.14,0.9659999999999993,33.14,1400.0,1900.0,5000.0,13.854,-15.489,1.41474,3.9071550182197785,8,6,6,0.6470588235294118,33,1,0.04219999999999935,0.09043649705732743,0.785099999999999,0.10168229934457604,16271.649999999998,10880.550000000001,51
18,ONE,0.919,20.904999999999998,4.657389611558015,19.903999999999996,1.0010000000000003,19.903999999999996,1300.0,1700.0,5000.0,6.975,-16.138999999999996,0.87952,2.773643214546528,7,6,3,0.7058823529411765,36,1,-0.15370000000000061,0.8668330923540009,0.9083999999999994,0.055453043198728076,10214.4,3877.3999999999996,51
19,ONE,0.815,17.305999999999997,3.595965755392586,16.383,0.9229999999999992,16.383,1300.0,3800.0,5000.0,5.607999999999999,-10.429,0.7328600000000002,2.0389173312324362,7,7,3,0.6862745098039216,35,1,0.12320000000000064,0.06768426700496966,0.8109999999999999,0.04382008671830767,8085.649999999998,2535.750000000002,51
20,ONE,0.787,90.51,18.173484714903037,89.551,0.9589999999999996,89.551,1100.0,4100.0,5000.0,32.389,-33.382000000000005,3.64864,9.755933250202157,9,8,7,0.7058823529411765,36,1,-4.941600000000001,11.371148545331735,0.8084999999999996,0.076558800931049,32236.299999999996,26729.100000000002,51
21,TWO,1.519,65.056,21.383916762801338,63.38,1.6760000000000002,63.38,2100.0,5000.0,5000.0,13.726000000000003,-18.281,2.75426,5.532618929982437,19,16,11,0.47058823529411764,24,1,-1.2649000000000008,3.359031808423374,1.4858000000000002,0.12142965041537437,72476.45000000001,66393.75,51
22,TWO,1.588,22.015,6.424901924820346,20.366,1.6489999999999991,20.366,900.0,4600.0,5000.0,13.390999999999998,-11.435,1.65662,3.669092174421351,14,12,7,0.6274509803921569,26,2,-5.905799999999999,8.484288806965496,1.5692999999999993,0.06840621316810341,18052.05,9968.850000000004,51
23,TWO,1.693,52.804,14.579901655726538,50.759,2.045,50.759,900.0,2400.0,5000.0,24.909,-23.277,3.5619000000000005,7.980154839625606,15,13,9,0.6274509803921569,28,2,-12.693399999999999,20.021974878617744,1.7165,0.06240072114967908,38366.55,27371.65,51
24,TWO,1.552,42.072,8.951030018546792,40.413000000000004,1.6590000000000007,40.413000000000004,1100.0,2000.0,5000.0,13.767,-18.58,1.68988,4.640906308039411,9,8,7,0.7254901960784313,37,1,-3.6702999999999992,7.490143791009623,1.543800000000001,0.09199108652472804,19679.100000000006,8461.899999999996,51
25,TWO,1.69,64.538,16.858139653448223,62.443,2.0950000000000006,62.443,2600.0,3200.0,5000.0,28.147,-24.061,4.7770600000000005,9.20889649808271,20,18,14,0.47058823529411764,20,2,-1.0686999999999998,3.2290827505655537,1.710300000000001,0.09990300295786893,48180.65000000001,40140.55,51
26,TWO,1.667,77.946,24.861959915556792,76.12299999999999,1.8229999999999995,76.12299999999999,1900.0,4800.0,5000.0,17.939,-23.731,3.37074,6.905800026325697,18,15,13,0.5294117647058824,27,1,-4.0571,8.848219227053542,1.6193999999999988,0.11712659817479554,79406.65,71835.35,51
27,TWO,1.658,65.5,17.616747455989273,63.308,2.192,63.308,2700.0,3300.0,5000.0,29.375999999999998,-24.646000000000004,5.22764,9.388788406264144,22,18,17,0.45098039215686275,19,2,-0.2524000000000015,0.9682217927727096,1.6816999999999993,0.10486090787323943,51499.99999999999,43837.30000000001,51
28,TWO,1.605,70.981,17.222787746898064,69.265,1.7160000000000002,69.265,1200.0,4800.0,5000.0,24.310000000000002,-35.598000000000006,2.8652800000000003,8.0730006803914,9,7,6,0.6862745098039216,35,1,-2.7721999999999998,7.181004300235449,1.5716,0.08904066486723912,34759.899999999994,24201.100000000006,51
29,TWO,1.613,107.98899999999999,30.106219780129194,106.07499999999999,1.9139999999999997,106.07499999999999,1200.0,2200.0,5000.0,39.718999999999994,-30.533,4.400859999999999,10.552815798051247,13,11,9,0.6078431372549019,31,1,-2.1576000000000004,6.267659614241987,1.651299999999999,0.0931719378353806,74080.25,63393.25,51
30,TWO,1.815,34.528,9.788324804258592,32.330999999999996,2.197,32.330999999999996,2000.0,2700.0,5000.0,14.729000000000001,-18.042,2.7151399999999994,5.899342313343073,15,11,9,0.6862745098039216,28,2,-10.7678,13.62856745810065,1.855900000000001,0.11945999330319754,26672.25,14338.349999999997,51
31,RETURN,0.036,40.909,9.297712816320127,39.959,0.9500000000000002,39.959,1200.0,2400.0,5000.0,18.056,-8.71,1.8549,4.127753628742878,15,11,8,0.21568627450980393,11,1,-0.16460000000000008,0.4876374062764256,0.01630000000000109,0.08103215411180903,20627.75,18653.249999999996,51
32,RETURN,-0.068,40.356,9.177810061909515,39.334,1.0220000000000002,39.334,800.0,1700.0,5000.0,22.735000000000003,-12.809000000000005,2.0499799999999997,5.020510703145648,15,12,6,0.19607843137254902,10,1,-8.422200000000002,13.881442250717322,-0.0813000000000006,0.09018209356629503,20597.75,18517.150000000005,51
33,RETURN,-0.081,43.809,9.54117664119984,42.736,1.0730000000000004,42.736,800.0,1500.0,5000.0,23.112,-15.092999999999996,2.2687199999999996,5.570641342466772,14,11,7,0.19607843137254902,10,1,-9.028599999999999,14.702705262637895,-0.11160000000000103,0.12180574699085414,20976.5,18947.199999999997,51
34,RETURN,-0.032,25.683,5.885455376049325,24.885999999999996,0.7970000000000006,24.885999999999996,900.0,1600.0,5000.0,13.316,-22.558999999999997,1.79906,4.613631976003288,11,11,7,0.11764705882352941,6,1,-6.568,9.711317088840214,-0.02110000000000234,0.06545143237546472,11975.55,10856.349999999997,51
35,RETURN,-0.084,58.206999999999994,12.788989669952908,57.297,0.9100000000000001,57.297,1100.0,1900.0,5000.0,31.494999999999997,-24.169999999999998,2.38754,6.837495328700415,8,7,7,0.1568627450980392,7,2,-1.095600000000001,3.472506276452211,-0.06820000000000093,0.05354960317313293,21603.149999999994,20053.35,51
36,RETURN,-0.001,43.965,10.295031860469097,43.14,0.8250000000000002,43.14,1600.0,2900.0,5000.0,18.208,-23.234,3.3083,7.063278396014133,14,13,12,0.2549019607843137,13,1,0.05220000000000091,0.02445730974575888,0.006600000000000605,0.061871156446279656,23643.45,21622.35,51
37,RETURN,-0.004,34.219,7.745834142483327,33.387,0.831999999999999,33.387,1200.0,3000.0,5000.0,14.955000000000002,-10.081999999999999,2.07608,4.267169580131542,16,13,10,0.29411764705882354,15,1,-1.8009000000000004,3.5418454074112264,-0.0031999999999996476,0.03669550381177494,18617.799999999996,16522.000000000004,51
38,RETURN,-0.051,84.413,18.67502670033867,83.023,1.3899999999999997,83.023,1200.0,1600.0,5000.0,38.32299999999999,-32.543,3.4326600000000003,9.713533889187806,8,8,6,0.23529411764705882,11,2,-0.06960000000000122,0.7258591047854949,-0.042299999999999116,0.05430662942956418,32177.55,29029.85,51
39,RETURN,-0.091,36.377,8.153181031660282,35.346000000000004,1.0310000000000006,35.346000000000004,900.0,1600.0,5000.0,17.851,-19.117,2.16984,4.9329277296145335,14,10,10,0.17647058823529413,9,1,-7.4857,12.892894066500354,-0.08419999999999916,0.06094226776220264,17823.9,15838.899999999998,51
40,RETURN,-0.173,41.900000000000006,8.550812022702702,40.79600000000001,1.104,40.79600000000001,1200.0,2100.0,5000.0,23.186000000000003,-16.562,1.74534,4.986538888688226,9,7,5,0.21568627450980393,11,1,-0.13419999999999987,0.5496942422838355,-0.1615000000000002,0.09170196290156479,14819.150000000001,12460.65,51
41,DISTURBANCE,-0.116,62.83800000000001,10.493820224983072,62.57300000000001,0.26500000000000057,62.57300000000001,1100.0,600.0,5000.0,33.67400000000001,-28.259000000000007,2.56386,8.39961267728459,6,5,5,0.0,0,0,-0.05429999999999957,0.43712127607793233,-0.07499999999999929,0.09898888826529988,13709.55,13387.749999999998,51
42,DISTURBANCE,0.049,17.38,2.8330854750126075,17.213,0.16699999999999982,17.213,1300.0,4600.0,5000.0,10.63,-14.721,0.7421000000000001,2.731710450908002,5,4,3,0.0,0,0,0.01640000000000086,0.08614778000621962,0.055600000000000094,0.05646450212301519,3408.55,3110.4499999999966,51
43,DISTURBANCE,0.025,132.428,22.77550055625234,131.947,0.48100000000000165,131.947,1300.0,900.0,5000.0,67.886,-69.973,5.344659999999999,17.30154319638569,7,6,6,0.0196078431372549,1,1,0.2004000000000037,0.14907192894706908,0.010700000000001708,0.05916426286196783,30472.350000000002,29849.45,51
44,DISTURBANCE,-0.131,382.173,94.29141260521291,381.918,0.254999999999999,381.918,1800.0,1100.0,5000.0,148.98,-176.454,15.352960000000001,41.91321624497934,10,10,10,0.0,0,0,0.0351999999999979,0.11882575478405354,-0.10870000000000068,0.1279820690565672,173635.1,173327.30000000002,51
45,DISTURBANCE,-0.069,75.092,12.685493471457036,74.858,0.23399999999999999,74.858,1400.0,900.0,5000.0,33.128,-39.370000000000005,3.04838,9.624818878067265,7,6,5,0.0,0,0,0.09629999999999939,0.07020263527817165,-0.07350000000000101,0.054705118590493824,17234.950000000004,16939.75,51
46,DISTURBANCE,0.03,211.773,46.07837606353793,211.59,0.18299999999999983,211.59,1700.0,900.0,5000.0,51.036,-146.015,8.508980000000001,25.63711231421355,10,9,9,0.0,0,0,0.05489999999999995,0.07563788733168023,0.017099999999999227,0.0584798255811353,80638.84999999998,80437.54999999999,51
47,DISTURBANCE,-0.037,48.07899999999999,8.673754437912791,47.888999999999996,0.1899999999999995,47.888999999999996,1500.0,700.0,5000.0,24.927999999999997,-35.29900000000001,1.99008,7.071276255387001,5,4,4,0.0,0,0,0.04349999999999987,0.08654738586462322,-0.03930000000000078,0.07503339256624371,11016.299999999997,10653.900000000001,51
48,DISTURBANCE,-0.053,230.004,49.374030254564225,229.80700000000002,0.19700000000000006,229.80700000000002,2200.0,800.0,5000.0,65.104,-181.27800000000002,9.26414,30.265168916290552,10,10,8,0.0,0,0,0.06579999999999941,0.07743229300492131,-0.06850000000000023,0.07728162782964669,81630.25,81374.95,51
49,DISTURBANCE,-0.014,286.136,60.13375671207957,285.86600000000004,0.2699999999999996,285.86600000000004,1500.0,800.0,5000.0,75.392,-150.07100000000003,11.49,32.45321511446285,10,9,8,0.0,0,0,0.0472999999999999,0.12899306182892173,-0.03610000000000113,0.06567564236457825,102174.9,101997.9,51
50,DISTURBANCE,0.097,164.073,33.68564433477761,163.797,0.2759999999999998,163.797,1100.0,600.0,5000.0,75.81899999999999,-122.815,6.617999999999999,23.132361029899215,7,7,5,0.0,0,0,-11.069799999999999,25.775463382061634,0.08389999999999986,0.054288949151738125,48108.19999999999,47763.799999999996,51
