feature,rf_importance
longest_below_points,0.09898909871249713
fraction_below_baseline_minus_0_4g,0.09797490025241197
max_drop_from_baseline_g,0.09150374766452389
n_change_ge_0_5g,0.07083812918356285
below_episode_count,0.06275276454491466
max_rise_from_baseline_g,0.05735926657470751
std_weight_g,0.05349164616868598
n_change_ge_2g,0.05222931248057872
mean_abs_step_g,0.05213797710023544
max_abs_deviation_g,0.048226389505087085
abs_area_g_ms,0.04802272888017073
weight_range_g,0.044420513088255696
max_step_down_g,0.041115282368636305
max_step_up_g,0.04060947683211621
std_step_g,0.037120121393493376
n_change_ge_5g,0.03620714726229229
signed_area_g_ms,0.02996631518840592
time_to_min_ms,0.025851740564016283
start_std_g,0.004861573502538571
start_mean_delta_g,0.002378241310588507
time_to_max_ms,0.0021355161297407963
end_std_g,0.0018081112925401365
duration_ms,0.0
n_samples,0.0
