round,sample_uid,event_id,label,final_delta_g,pill_ratio,stage,prediction,correct
round1,round1-E1,1,NONE,-0.015,-0.01768867924528302,DYNAMIC_RF,NONE,True
round1,round1-E2,2,NONE,-0.004,-0.0047169811320754715,DYNAMIC_RF,NONE,True
round1,round1-E3,3,NONE,0.017,0.020047169811320757,DYNAMIC_RF,NONE,True
round1,round1-E4,4,NONE,0.043,0.050707547169811316,DYNAMIC_RF,NONE,True
round1,round1-E5,5,NONE,-0.008,-0.009433962264150943,DYNAMIC_RF,NONE,True
round1,round1-E6,6,NONE,0.028,0.0330188679245283,DYNAMIC_RF,NONE,True
round1,round1-E7,7,NONE,0.008,0.009433962264150943,DYNAMIC_RF,NONE,True
round1,round1-E8,8,NONE,0.026,0.030660377358490566,DYNAMIC_RF,NONE,True
round1,round1-E9,9,NONE,-0.001,-0.0011792452830188679,DYNAMIC_RF,NONE,True
round1,round1-E10,10,NONE,-0.027,-0.031839622641509434,DYNAMIC_RF,NONE,True
round1,round1-E11,11,ONE,0.847,0.9988207547169812,STATIC_WEIGHT,ONE,True
round1,round1-E12,12,ONE,0.765,0.902122641509434,STATIC_WEIGHT,ONE,True
round1,round1-E13,13,ONE,0.823,0.9705188679245282,STATIC_WEIGHT,ONE,True
round1,round1-E14,14,ONE,0.827,0.9752358490566038,STATIC_WEIGHT,ONE,True
round1,round1-E15,15,ONE,0.809,0.9540094339622642,STATIC_WEIGHT,ONE,True
round1,round1-E16,16,ONE,0.828,0.9764150943396226,STATIC_WEIGHT,ONE,True
round1,round1-E17,17,ONE,0.779,0.9186320754716981,STATIC_WEIGHT,ONE,True
round1,round1-E18,18,ONE,0.824,0.9716981132075472,STATIC_WEIGHT,ONE,True
round1,round1-E19,19,ONE,0.879,1.036556603773585,STATIC_WEIGHT,ONE,True
round1,round1-E20,20,ONE,0.975,1.1497641509433962,STATIC_WEIGHT,ONE,True
round1,round1-E21,21,TWO,1.723,2.0318396226415096,STATIC_WEIGHT,TWO,True
round1,round1-E22,22,TWO,1.673,1.9728773584905661,STATIC_WEIGHT,TWO,True
round1,round1-E23,23,TWO,1.661,1.9587264150943398,STATIC_WEIGHT,TWO,True
round1,round1-E24,24,TWO,1.685,1.9870283018867925,STATIC_WEIGHT,TWO,True
round1,round1-E25,25,TWO,1.676,1.9764150943396226,STATIC_WEIGHT,TWO,True
round1,round1-E26,26,TWO,1.439,1.696933962264151,STATIC_WEIGHT,TWO,True
round1,round1-E27,27,TWO,1.685,1.9870283018867925,STATIC_WEIGHT,TWO,True
round1,round1-E28,28,TWO,1.698,2.0023584905660377,STATIC_WEIGHT,TWO,True
round1,round1-E29,29,TWO,1.669,1.9681603773584906,STATIC_WEIGHT,TWO,True
round1,round1-E30,30,TWO,1.667,1.965801886792453,STATIC_WEIGHT,TWO,True
round1,round1-E31,31,RETURN,-0.009,-0.01061320754716981,DYNAMIC_RF,RETURN,True
round1,round1-E32,32,RETURN,-0.079,-0.09316037735849057,DYNAMIC_RF,RETURN,True
round1,round1-E33,33,RETURN,0.023,0.027122641509433963,DYNAMIC_RF,RETURN,True
round1,round1-E34,34,RETURN,-0.032,-0.03773584905660377,DYNAMIC_RF,RETURN,True
round1,round1-E35,35,RETURN,0.006,0.007075471698113208,DYNAMIC_RF,RETURN,True
round1,round1-E36,36,RETURN,-0.038,-0.04481132075471698,DYNAMIC_RF,RETURN,True
round1,round1-E37,37,RETURN,-0.008,-0.009433962264150943,DYNAMIC_RF,RETURN,True
round1,round1-E38,38,RETURN,0.012,0.014150943396226415,DYNAMIC_RF,RETURN,True
round1,round1-E39,39,RETURN,0.017,0.020047169811320757,DYNAMIC_RF,RETURN,True
round1,round1-E40,40,RETURN,0.009,0.01061320754716981,DYNAMIC_RF,RETURN,True
round1,round1-E41,41,DISTURBANCE,-0.094,-0.11084905660377359,DYNAMIC_RF,DISTURBANCE,True
round1,round1-E42,42,DISTURBANCE,0.108,0.12735849056603774,DYNAMIC_RF,DISTURBANCE,True
round1,round1-E43,43,DISTURBANCE,-0.142,-0.16745283018867924,DYNAMIC_RF,DISTURBANCE,True
round1,round1-E44,44,DISTURBANCE,-0.161,-0.18985849056603774,DYNAMIC_RF,DISTURBANCE,True
round1,round1-E45,45,DISTURBANCE,-0.052,-0.06132075471698113,DYNAMIC_RF,DISTURBANCE,True
round1,round1-E46,46,DISTURBANCE,0.092,0.10849056603773585,DYNAMIC_RF,DISTURBANCE,True
round1,round1-E47,47,DISTURBANCE,-0.193,-0.22759433962264153,DYNAMIC_RF,DISTURBANCE,True
round1,round1-E48,48,DISTURBANCE,-0.009,-0.01061320754716981,DYNAMIC_RF,DISTURBANCE,True
round1,round1-E49,49,DISTURBANCE,-0.003,-0.003537735849056604,DYNAMIC_RF,DISTURBANCE,True
round1,round1-E50,50,DISTURBANCE,-0.016,-0.018867924528301886,DYNAMIC_RF,DISTURBANCE,True
round2,round2-E1,1,NONE,0.074,0.08726415094339622,DYNAMIC_RF,NONE,True
round2,round2-E2,2,NONE,-0.029,-0.03419811320754717,DYNAMIC_RF,NONE,True
round2,round2-E3,3,NONE,-0.015,-0.01768867924528302,DYNAMIC_RF,NONE,True
round2,round2-E4,4,NONE,0.012,0.014150943396226415,DYNAMIC_RF,NONE,True
round2,round2-E5,5,NONE,0.025,0.029481132075471702,DYNAMIC_RF,NONE,True
round2,round2-E6,6,NONE,-0.043,-0.050707547169811316,DYNAMIC_RF,NONE,True
round2,round2-E7,7,NONE,0.053,0.0625,DYNAMIC_RF,NONE,True
round2,round2-E8,8,NONE,0.011,0.012971698113207546,DYNAMIC_RF,NONE,True
round2,round2-E9,9,NONE,-0.011,-0.012971698113207546,DYNAMIC_RF,NONE,True
round2,round2-E10,10,NONE,-0.026,-0.030660377358490566,DYNAMIC_RF,NONE,True
round2,round2-E11,11,ONE,0.773,0.9115566037735849,STATIC_WEIGHT,ONE,True
round2,round2-E12,12,ONE,0.717,0.8455188679245282,STATIC_WEIGHT,ONE,True
round2,round2-E13,13,ONE,0.761,0.8974056603773586,STATIC_WEIGHT,ONE,True
round2,round2-E14,14,ONE,0.742,0.875,STATIC_WEIGHT,ONE,True
round2,round2-E15,15,ONE,0.865,1.0200471698113207,STATIC_WEIGHT,ONE,True
round2,round2-E16,16,ONE,0.728,0.8584905660377359,STATIC_WEIGHT,ONE,True
round2,round2-E17,17,ONE,0.716,0.8443396226415094,STATIC_WEIGHT,ONE,True
round2,round2-E18,18,ONE,0.735,0.8667452830188679,STATIC_WEIGHT,ONE,True
round2,round2-E19,19,ONE,0.937,1.1049528301886793,STATIC_WEIGHT,ONE,True
round2,round2-E20,20,ONE,0.884,1.0424528301886793,STATIC_WEIGHT,ONE,True
round2,round2-E21,21,TWO,1.699,2.003537735849057,STATIC_WEIGHT,TWO,True
round2,round2-E22,22,TWO,1.712,2.018867924528302,STATIC_WEIGHT,TWO,True
round2,round2-E23,23,TWO,1.637,1.9304245283018868,STATIC_WEIGHT,TWO,True
round2,round2-E24,24,TWO,1.542,1.8183962264150944,STATIC_WEIGHT,TWO,True
round2,round2-E25,25,TWO,1.581,1.8643867924528301,STATIC_WEIGHT,TWO,True
round2,round2-E26,26,TWO,1.661,1.9587264150943398,STATIC_WEIGHT,TWO,True
round2,round2-E27,27,TWO,1.657,1.9540094339622642,STATIC_WEIGHT,TWO,True
round2,round2-E28,28,TWO,1.658,1.955188679245283,STATIC_WEIGHT,TWO,True
round2,round2-E29,29,TWO,1.809,2.1332547169811322,STATIC_WEIGHT,TWO,True
round2,round2-E30,30,TWO,1.623,1.9139150943396226,STATIC_WEIGHT,TWO,True
round2,round2-E31,31,RETURN,-0.011,-0.012971698113207546,DYNAMIC_RF,RETURN,True
round2,round2-E32,32,RETURN,-0.052,-0.06132075471698113,DYNAMIC_RF,RETURN,True
round2,round2-E33,33,RETURN,0.034,0.040094339622641514,DYNAMIC_RF,RETURN,True
round2,round2-E34,34,RETURN,0.034,0.040094339622641514,DYNAMIC_RF,RETURN,True
round2,round2-E35,35,RETURN,0.037,0.04363207547169811,DYNAMIC_RF,RETURN,True
round2,round2-E36,36,RETURN,-0.038,-0.04481132075471698,DYNAMIC_RF,RETURN,True
round2,round2-E37,37,RETURN,-0.182,-0.21462264150943397,DYNAMIC_RF,RETURN,True
round2,round2-E38,38,RETURN,-0.201,-0.23702830188679247,DYNAMIC_RF,RETURN,True
round2,round2-E39,39,RETURN,-0.24,-0.2830188679245283,DYNAMIC_RF,RETURN,True
round2,round2-E40,40,RETURN,-0.018,-0.02122641509433962,DYNAMIC_RF,RETURN,True
round2,round2-E41,41,DISTURBANCE,0.005,0.00589622641509434,DYNAMIC_RF,DISTURBANCE,True
round2,round2-E42,42,DISTURBANCE,0.046,0.054245283018867926,DYNAMIC_RF,DISTURBANCE,True
round2,round2-E43,43,DISTURBANCE,-0.079,-0.09316037735849057,DYNAMIC_RF,DISTURBANCE,True
round2,round2-E44,44,DISTURBANCE,-0.068,-0.08018867924528303,DYNAMIC_RF,DISTURBANCE,True
round2,round2-E45,45,DISTURBANCE,0.047,0.055424528301886794,DYNAMIC_RF,DISTURBANCE,True
round2,round2-E46,46,DISTURBANCE,0.009,0.01061320754716981,DYNAMIC_RF,DISTURBANCE,True
round2,round2-E47,47,DISTURBANCE,0.136,0.16037735849056606,DYNAMIC_RF,DISTURBANCE,True
round2,round2-E48,48,DISTURBANCE,0.009,0.01061320754716981,DYNAMIC_RF,DISTURBANCE,True
round2,round2-E49,49,DISTURBANCE,-0.051,-0.060141509433962265,DYNAMIC_RF,DISTURBANCE,True
round2,round2-E50,50,DISTURBANCE,-0.036,-0.04245283018867924,DYNAMIC_RF,DISTURBANCE,True
