round,sample_uid,event_id,label,before_g,after_g,final_delta_g,weight_range_g,std_weight_g,max_rise_from_baseline_g,max_drop_from_baseline_g,max_abs_deviation_g,time_to_max_ms,time_to_min_ms,duration_ms,max_step_up_g,max_step_down_g,mean_abs_step_g,std_step_g,n_change_ge_0_5g,n_change_ge_2g,n_change_ge_5g,fraction_below_baseline_minus_0_4g,longest_below_points,below_episode_count,start_mean_delta_g,start_std_g,end_mean_delta_g,end_std_g,abs_area_g_ms,signed_area_g_ms,n_samples
round1,round1-E1,1,NONE,8.479,8.493,-0.015,0.23399999999999999,0.061902317910613486,0.15200000000000102,0.08199999999999896,0.15200000000000102,4000.0,2500.0,5000.0,0.16699999999999982,-0.13100000000000023,0.04869999999999987,0.06471194325624895,0,0,0,0.0,0,0,0.013099999999999667,0.038712917740723336,-0.04980000000000118,0.04638922288635591,255.05000000000183,143.05000000000422,51
round1,round1-E2,2,NONE,8.53,8.534,-0.004,0.3290000000000006,0.06718117493228727,0.11300000000000132,0.2159999999999993,0.2159999999999993,3600.0,4400.0,5000.0,0.11600000000000144,-0.1590000000000007,0.060459999999999854,0.07109740079637225,0,0,0,0.0,0,0,0.028399999999999537,0.05995031275981784,0.06369999999999898,0.08863639207458758,291.54999999999876,-166.54999999999697,51
round1,round1-E3,3,NONE,8.498,8.481,0.017,0.24399999999999977,0.060646305740745775,0.14700000000000024,0.09699999999999953,0.14700000000000024,3000.0,400.0,4900.0,0.1349999999999998,-0.1720000000000006,0.04767346938775529,0.06036740903254684,0,0,0,0.0,0,0,0.0015999999999998238,0.06585924384625164,-0.0362000000000009,0.030831153076069304,250.10000000000153,107.40000000000354,50
round1,round1-E4,4,NONE,8.539,8.496,0.043,0.2259999999999991,0.05770289767420693,0.06700000000000017,0.15899999999999892,0.15899999999999892,4400.0,3400.0,4900.0,0.13099999999999845,-0.12399999999999878,0.04367346938775501,0.05551433808135873,0,0,0,0.0,0,0,0.03819999999999979,0.05217623980319008,0.022299999999999542,0.058852442600116295,273.6999999999994,-184.49999999999838,50
round1,round1-E5,5,NONE,8.496,8.504,-0.008,0.23099999999999987,0.05682640583390784,0.08099999999999952,0.15000000000000036,0.15000000000000036,0.0,4000.0,4900.0,0.11999999999999922,-0.14899999999999913,0.04904081632653059,0.0609105761947641,0,0,0,0.0,0,0,0.0146000000000015,0.047873165761206954,0.04020000000000046,0.0565999999999999,227.85000000000048,-63.75000000000206,50
round1,round1-E6,6,NONE,8.495,8.467,0.028,0.2970000000000006,0.05933674160473932,0.14200000000000124,0.15499999999999936,0.15499999999999936,4700.0,2400.0,5000.0,0.14400000000000013,-0.11300000000000132,0.046280000000000106,0.05722452621035861,0,0,0,0.0,0,0,-0.028300000000001546,0.034275501455120906,-0.04110000000000191,0.047386601481853606,257.6000000000017,108.40000000000377,51
round1,round1-E7,7,NONE,8.499,8.492,0.008,0.3229999999999986,0.07852616379271299,0.17199999999999882,0.1509999999999998,0.17199999999999882,4300.0,2800.0,4900.0,0.20699999999999896,-0.12900000000000134,0.05622448979591827,0.0696657456594275,0,0,0,0.0,0,0,0.016700000000001936,0.06705080163577488,-0.026999999999999247,0.0894449551400186,347.1500000000006,-81.35000000000261,50
round1,round1-E8,8,NONE,8.498,8.472,0.026,0.25700000000000145,0.054711227366967485,0.11600000000000144,0.14100000000000001,0.14100000000000001,3500.0,2900.0,4900.0,0.1120000000000001,-0.12700000000000067,0.03702040816326541,0.04932715965588126,0,0,0,0.0,0,0,0.0036999999999984823,0.025227167894950112,0.0004999999999988347,0.05190616533707723,218.29999999999973,-67.89999999999674,50
round1,round1-E9,9,NONE,8.47,8.472,-0.001,0.23600000000000065,0.05487035265058897,0.11999999999999922,0.11600000000000144,0.11999999999999922,3400.0,1800.0,4900.0,0.14700000000000024,-0.16199999999999903,0.04179591836734694,0.05631644393566903,0,0,0,0.0,0,0,-0.052799999999999514,0.02007884458827267,-0.04190000000000005,0.03706332418982399,254.09999999999798,120.29999999999647,50
round1,round1-E10,10,NONE,8.461,8.489,-0.027,0.29999999999999893,0.05408643452844717,0.18399999999999928,0.11599999999999966,0.18399999999999928,4201.0,1.0,4900.0,0.0909999999999993,-0.1379999999999999,0.03883673469387756,0.04787245305774425,0,0,0,0.0,0,0,0.03560000000000052,0.04275792324236523,-0.05829999999999913,0.06347133211143413,202.25,95.44999999999808,50
round1,round1-E11,11,ONE,8.487,7.64,0.847,52.806,9.836184128977377,43.221,9.585,43.221,1801.0,2501.0,5000.0,30.212,-14.479,2.13154,5.600025961546964,12,10,8,0.5294117647058824,27,1,-0.025800000000002044,0.05022111109881986,0.7945999999999991,0.051830878827201145,21963.949999999997,15661.449999999997,51
round1,round1-E12,12,ONE,8.479,7.714,0.765,24.689,6.28971338235229,23.758000000000003,0.9309999999999992,23.758000000000003,1101.0,2701.0,5000.0,20.314999999999998,-11.47,1.0133400000000001,3.471154658669072,8,6,2,0.6862745098039216,35,1,0.08989999999999831,0.3215482700933097,0.7891999999999992,0.06219935690985868,13513.849999999995,7635.950000000004,51
round1,round1-E13,13,ONE,8.497,7.674,0.823,20.625,3.9545510807048485,19.653,0.9719999999999995,19.653,1300.0,3600.0,5000.0,7.4990000000000006,-15.121999999999998,0.8597199999999998,2.6996862333241616,6,6,3,0.7058823529411765,36,1,0.1524000000000001,0.06857288093699991,0.8006000000000002,0.04943925565782719,8463.1,2372.100000000001,51
round1,round1-E14,14,ONE,8.452,7.625,0.827,20.663,4.7574609486784745,19.71,0.9530000000000003,19.71,1400.0,1700.0,5000.0,7.337999999999999,-15.748999999999999,0.85718,2.731297803242993,7,6,2,0.6862745098039216,35,1,0.14400000000000013,0.13306840346227938,0.8570999999999991,0.04525582835392585,10418.25,4406.35,51
round1,round1-E15,15,ONE,8.597,7.789,0.809,28.011999999999997,6.896145902037708,27.132999999999996,0.8789999999999996,27.132999999999996,1500.0,4000.0,5000.0,9.98,-12.591000000000001,1.1454199999999997,3.115280651819351,7,7,5,0.6274509803921569,32,1,0.01890000000000036,0.10086570279336783,0.8189000000000002,0.05227896326439528,14568.15,9438.950000000003,51
round1,round1-E16,16,ONE,8.675,7.847,0.828,27.101000000000003,6.456854962036002,26.126,0.9750000000000005,26.126,1301.0,3401.0,5000.0,10.264999999999997,-15.123,1.1077400000000004,3.174493183171134,8,7,5,0.6862745098039216,35,1,0.07730000000000103,0.34075887369223407,0.7988000000000008,0.06631410106455492,13697.750000000004,7817.449999999997,51
round1,round1-E17,17,ONE,8.617,7.838,0.779,37.175,9.588834904063056,36.247,0.9280000000000008,36.247,1300.0,2700.0,5000.0,26.233000000000004,-17.96,1.5067399999999997,5.026279663886601,7,6,3,0.6666666666666666,34,1,0.06610000000000227,0.07749509661907644,0.7120000000000015,0.06548893036231385,18777.250000000004,13354.449999999995,51
round1,round1-E18,18,ONE,8.688,7.864,0.824,23.548000000000002,6.660831906010167,22.545,1.003000000000001,22.545,1000.0,3500.0,5000.0,11.762,-23.167,1.0115399999999999,3.8681450666178487,6,4,3,0.7843137254901961,40,1,-9.2553,10.016550025333075,0.8432000000000013,0.035642109926321684,14847.550000000003,8274.249999999996,51
round1,round1-E19,19,ONE,8.695,7.816,0.879,24.336000000000002,5.787019531840139,23.362000000000002,0.9740000000000002,23.362000000000002,1400.0,3400.0,5000.0,9.507,-14.168,0.9876999999999999,2.8717185550816082,8,7,4,0.6666666666666666,34,1,0.09730000000000061,0.05186530632320583,0.8593000000000002,0.07733052437427287,12833.35,6884.849999999998,51
round1,round1-E20,20,ONE,8.739,7.764,0.975,37.318,9.189582768099394,36.29599999999999,1.0220000000000011,36.29599999999999,1300.0,1800.0,5000.0,9.801,-29.061999999999998,1.50968,4.807577819401366,8,8,6,0.7058823529411765,36,1,-2.0336,4.699523320508156,0.8943000000000003,0.0465812193915102,19992.400000000005,13406.199999999993,51
round1,round1-E21,21,TWO,8.641,6.917,1.723,27.694000000000003,7.257142836063096,25.949000000000005,1.745,25.949000000000005,2800.0,3500.0,5000.0,20.682,-27.314000000000004,2.9409000000000005,6.792201322369649,15,13,9,0.6666666666666666,22,3,-4.8507,7.455357604434544,1.6846999999999994,0.03045669056217374,19379.850000000002,9950.150000000001,51
round1,round1-E22,22,TWO,8.662,6.989,1.673,60.668000000000006,13.674685136024026,58.925000000000004,1.7430000000000012,58.925000000000004,2400.0,3300.0,5000.0,29.021,-31.42,3.79804,9.096037314875089,13,12,10,0.6862745098039216,24,2,-10.347999999999997,12.997108309158618,1.6683000000000012,0.05325607946516514,32145.4,22191.4,51
round1,round1-E23,23,TWO,8.617,6.956,1.661,50.553000000000004,12.760498034046066,48.818,1.7350000000000012,48.818,1400.0,4900.0,5000.0,18.961000000000006,-27.629,2.96566,6.705989773955818,17,14,10,0.5490196078431373,24,2,-5.2379,9.1454241284918,1.6597000000000017,0.07731888514457506,37457.75,29073.05,51
round1,round1-E24,24,TWO,8.661,6.975,1.685,28.729,8.44966626983048,26.915,1.8139999999999992,26.915,2201.0,4501.0,5000.0,18.182000000000002,-15.212999999999997,2.2474999999999996,5.025532987654145,14,12,8,0.6470588235294118,26,2,-7.407500000000001,10.93897423207496,1.7350000000000003,0.046720445203358205,23218.049999999996,13307.05,51
round1,round1-E25,25,TWO,8.6,6.923,1.676,47.827000000000005,13.91789179694651,46.054,1.7729999999999997,46.054,1001.0,2701.0,5000.0,24.240000000000002,-34.562,3.2533999999999996,8.007727881390576,15,13,9,0.6078431372549019,25,2,-6.8636,13.886313327877922,1.6541999999999986,0.04430981832506189,37772.0,28593.800000000003,51
round1,round1-E26,26,TWO,8.597,7.158,1.439,82.443,26.896216217221653,80.936,1.5069999999999997,80.936,2001.0,3201.0,5000.0,18.829,-24.249,3.7257800000000008,7.453662677663915,17,17,12,0.5098039215686274,26,1,-2.388,6.24655256921768,1.3977999999999993,0.05455785919553668,88211.55,81105.45000000001,51
round1,round1-E27,27,TWO,8.78,7.095,1.685,80.015,19.532110251495766,78.275,1.7399999999999993,78.275,1201.0,2401.0,5000.0,27.290999999999997,-41.10600000000001,3.20848,9.28657212228495,9,9,6,0.6862745098039216,35,1,-2.7730000000000015,7.3693977365860786,1.6478999999999981,0.06965981625011662,39103.4,27644.100000000002,51
round1,round1-E28,28,TWO,8.807,7.109,1.698,57.949999999999996,12.183252562763107,56.13499999999999,1.8150000000000004,56.13499999999999,1000.0,2200.0,5000.0,36.910999999999994,-30.397999999999996,2.3269,7.817357497901703,7,6,4,0.7254901960784313,37,1,-2.237,5.8169295680797095,1.7001,0.045284544824917804,23322.85,10721.549999999996,51
round1,round1-E29,29,TWO,8.753,7.084,1.669,45.05,9.26982921857991,43.262,1.7880000000000003,43.262,1000.0,4100.0,5000.0,16.863,-22.124000000000002,1.80636,5.39202438050868,7,7,6,0.7450980392156863,38,1,-6.6875,12.309885281756285,1.6744999999999992,0.060777051590217734,19804.5,7088.699999999999,51
round1,round1-E30,30,TWO,8.752,7.084,1.667,71.429,21.83080198870861,69.64800000000001,1.7810000000000006,69.64800000000001,1000.0,4800.0,5000.0,25.422000000000004,-22.789,3.5436800000000006,7.9424080775543136,14,11,11,0.6078431372549019,31,1,-9.5052,18.1858441420793,1.7017000000000007,0.046559746562884155,61077.299999999996,50949.29999999999,51
round1,round1-E31,31,RETURN,8.679,8.688,-0.009,37.945,10.71385465956498,36.955,0.9900000000000002,36.955,800.0,1800.0,5000.0,16.622999999999998,-16.679999999999996,2.10962,4.580306314167208,16,11,9,0.11764705882352941,6,1,-16.205199999999998,15.907056080871785,-0.0026999999999990365,0.0662360173923525,26441.35,25207.149999999998,51
round1,round1-E32,32,RETURN,8.668,8.747,-0.079,48.211,11.44309578702723,47.309,0.9019999999999992,47.309,3100.0,2000.0,5000.0,41.91,-34.722,3.5497199999999998,9.160690323332624,13,12,10,0.19607843137254902,10,1,0.021599999999999397,0.05202153400275682,-0.09290000000000376,0.05608288508983818,24079.5,22328.900000000005,51
round1,round1-E33,33,RETURN,8.704,8.681,0.023,35.098,7.677225865782052,34.153999999999996,0.9440000000000008,34.153999999999996,1300.0,2400.0,5000.0,21.741999999999997,-14.936,1.45128,4.384699062147822,9,6,5,0.23529411764705882,12,1,0.05249999999999844,0.04680438013690583,0.029300000000000992,0.05490364286638884,13628.0,11232.999999999998,51
round1,round1-E34,34,RETURN,8.68,8.712,-0.032,38.331,8.405705859450473,37.429,0.9020000000000001,37.429,800.0,1500.0,4900.0,21.095000000000002,-13.477000000000004,2.026163265306123,5.017231587538964,14,9,7,0.2,10,1,-7.758000000000003,12.805772557717868,0.05249999999999844,0.08456861119824523,18195.5,16212.800000000001,50
round1,round1-E35,35,RETURN,8.684,8.678,0.006,40.053000000000004,9.554883597930433,39.080000000000005,0.972999999999999,39.080000000000005,1301.0,3301.0,4900.0,19.38,-15.451999999999998,2.6131020408163264,5.399258494063263,17,13,11,0.32,16,1,-1.3729999999999993,3.878303495086479,0.018599999999999284,0.030239708993308755,23550.4,20641.900000000005,50
round1,round1-E36,36,RETURN,8.617,8.655,-0.038,58.538,18.6108325768251,57.65299999999999,0.8850000000000007,57.65299999999999,1201.0,3201.0,5000.0,45.47,-24.917,2.7619199999999995,8.032153930895497,16,12,7,0.23529411764705882,12,1,0.08539999999999992,0.0568264023144172,-0.011899999999998911,0.04443748417721237,48946.0,46880.0,51
round1,round1-E37,37,RETURN,8.633,8.642,-0.008,58.102,14.458372150721203,57.105000000000004,0.996999999999999,57.105000000000004,1601.0,3001.0,5000.0,31.255000000000003,-52.674,4.87794,11.839328494488191,13,11,11,0.27450980392156865,14,1,0.09189999999999898,0.039226139244131354,0.005199999999998539,0.05882822451850808,30499.35,27918.050000000007,51
round1,round1-E38,38,RETURN,8.617,8.605,0.012,99.007,24.906001855666204,98.094,0.9130000000000011,98.094,1201.0,2501.0,5000.0,58.101,-35.957,4.0856,11.533714171870221,11,9,8,0.1568627450980392,8,1,0.045000000000001705,0.08412015216343814,0.00560000000000116,0.03488036697054643,49463.5,47780.2,51
round1,round1-E39,39,RETURN,8.596,8.579,0.017,42.905,9.443593817825839,41.965999999999994,0.9390000000000001,41.965999999999994,1101.0,2701.0,5000.0,21.083,-9.732,2.04356,4.81256265106232,13,10,9,0.21568627450980393,11,1,-0.5457000000000001,1.5725516875448005,0.040200000000002234,0.08803158524075307,19694.100000000002,17655.800000000003,51
round1,round1-E40,40,RETURN,8.552,8.544,0.009,30.320999999999998,7.277552061172474,29.336,0.9849999999999994,29.336,800.0,1200.0,5000.0,15.320000000000002,-25.871000000000002,1.25538,4.468039754747042,7,6,4,0.1568627450980392,8,1,-11.3185,12.793093263554363,0.016599999999998616,0.03141400961354651,12313.449999999999,10689.550000000003,51
round1,round1-E41,41,DISTURBANCE,8.57,8.665,-0.094,262.642,51.30736058432503,262.254,0.3879999999999999,262.254,1100.0,700.0,5000.0,101.698,-210.153,10.551580000000001,37.41399332998819,6,6,6,0.0,0,0,-6.7776,18.745782945505372,-0.1053999999999995,0.07174984320540384,71141.45,70897.55,51
round1,round1-E42,42,DISTURBANCE,8.761,8.652,0.108,180.97899999999998,32.96479715188459,180.469,0.5099999999999998,180.469,900.0,1200.0,5000.0,124.305,-89.005,7.284879999999999,25.641023624839942,6,6,5,0.0196078431372549,1,1,-30.946399999999993,62.54504271994704,0.11929999999999907,0.04367619488920696,42744.600000000006,41434.80000000001,51
round1,round1-E43,43,DISTURBANCE,8.664,8.806,-0.142,77.47,13.14174638230901,77.253,0.21700000000000053,77.253,1200.0,600.0,5000.0,77.379,-51.458999999999996,3.1354200000000003,13.483223751388243,4,4,4,0.0,0,0,0.07380000000000031,0.07624145853799018,-0.10790000000000077,0.04615723128611572,14305.95,14059.55,51
round1,round1-E44,44,DISTURBANCE,8.792,8.953,-0.161,223.226,40.789798318316116,222.903,0.3230000000000004,222.903,1000.0,500.0,5000.0,114.116,-134.33800000000002,8.96622,30.66464675316512,6,5,5,0.0,0,0,-11.531900000000002,34.59317897635312,-0.25480000000000125,0.054548693843207624,54024.54999999999,53781.95,51
round1,round1-E45,45,DISTURBANCE,8.968,9.02,-0.052,143.32600000000002,23.280043802946935,142.90900000000002,0.4169999999999998,142.90900000000002,1400.0,1000.0,5000.0,60.53900000000001,-118.50500000000001,5.770500000000001,21.011755268715653,6,5,5,0.0196078431372549,1,1,0.1532,0.10873987309170444,-0.08910000000000018,0.05385619741496794,28561.550000000003,28097.049999999996,51
round1,round1-E46,46,DISTURBANCE,8.914,8.822,0.092,169.684,33.1291410643046,169.363,0.32099999999999973,169.363,1301.0,1901.0,5000.0,110.18499999999999,-119.40099999999998,6.82326,24.879315464224494,7,7,5,0.0,0,0,-0.08550000000000146,0.10151871748598872,0.05910000000000082,0.04386900956256043,44159.05,43508.35,51
round1,round1-E47,47,DISTURBANCE,8.874,9.067,-0.193,262.668,58.01965418464333,262.414,0.25400000000000134,262.414,1701.0,1001.0,4900.0,64.374,-210.14600000000002,10.757448979591837,34.77633907880877,10,10,8,0.0,0,0,0.034300000000001774,0.08316375412401737,-0.23239999999999839,0.036897696405060326,98554.95,98386.55,50
round1,round1-E48,48,DISTURBANCE,9.058,9.067,-0.009,203.51600000000002,43.620357348834276,203.40900000000002,0.10699999999999932,203.40900000000002,2101.0,101.0,4900.0,60.64299999999999,-182.049,8.349938775510205,29.50738666358452,8,8,8,0.0,0,0,0.0359000000000016,0.06990200283253699,-0.07669999999999888,0.048135330060154295,67797.05,67633.25,50
round1,round1-E49,49,DISTURBANCE,9.032,9.035,-0.003,295.67199999999997,75.80735011514385,295.449,0.22300000000000075,295.449,2101.0,201.0,4900.0,75.25500000000002,-136.50699999999998,12.09277551020408,32.73089309445309,11,11,10,0.0,0,0,0.11670000000000158,0.06946229192878683,-0.04749999999999943,0.07040490039762838,148513.4,148118.0,50
round1,round1-E50,50,DISTURBANCE,9.015,9.031,-0.016,287.534,71.83425791248202,287.357,0.17700000000000138,287.357,1800.0,1100.0,5000.0,128.81199999999998,-152.549,11.558860000000003,34.98222523287505,9,9,8,0.0,0,0,0.02090000000000103,0.08789249114685495,-0.01019999999999932,0.12057843920038099,127404.45,127062.65,51
