event_id,before_g,after_g,removed_g,predicted_count,expected_count,prediction,label,n_samples
1,8.479,8.493,-0.015,0,1,UNDER,NONE,51
2,8.53,8.534,-0.004,0,1,UNDER,NONE,51
3,8.498,8.481,0.017,0,1,UNDER,NONE,50
4,8.539,8.496,0.043,0,1,UNDER,NONE,50
5,8.496,8.504,-0.008,0,1,UNDER,NONE,50
6,8.495,8.467,0.028,0,1,UNDER,NONE,51
7,8.499,8.492,0.008,0,1,UNDER,NONE,50
8,8.498,8.472,0.026,0,1,UNDER,NONE,50
9,8.47,8.472,-0.001,0,1,UNDER,NONE,50
10,8.461,8.489,-0.027,0,1,UNDER,NONE,50
11,8.487,7.64,0.847,1,1,OK,ONE,51
12,8.479,7.714,0.765,1,1,OK,ONE,51
13,8.497,7.674,0.823,1,1,OK,ONE,51
14,8.452,7.625,0.827,1,1,OK,ONE,51
15,8.597,7.789,0.809,1,1,OK,ONE,51
16,8.675,7.847,0.828,1,1,OK,ONE,51
17,8.617,7.838,0.779,1,1,OK,ONE,51
18,8.688,7.864,0.824,1,1,OK,ONE,51
19,8.695,7.816,0.879,1,1,OK,ONE,51
20,8.739,7.764,0.975,1,1,OK,ONE,51
21,8.641,6.917,1.723,2,1,OVER,TWO,51
22,8.662,6.989,1.673,2,1,OVER,TWO,51
23,8.617,6.956,1.661,2,1,OVER,TWO,51
24,8.661,6.975,1.685,2,1,OVER,TWO,51
25,8.6,6.923,1.676,2,1,OVER,TWO,51
26,8.597,7.158,1.439,2,1,OVER,TWO,51
27,8.78,7.095,1.685,2,1,OVER,TWO,51
28,8.807,7.109,1.698,2,1,OVER,TWO,51
29,8.753,7.084,1.669,2,1,OVER,TWO,51
30,8.752,7.084,1.667,2,1,OVER,TWO,51
31,8.679,8.688,-0.009,0,1,UNDER,RETURN,51
32,8.668,8.747,-0.079,0,1,UNDER,RETURN,51
33,8.704,8.681,0.023,0,1,UNDER,RETURN,51
34,8.68,8.712,-0.032,0,1,UNDER,RETURN,50
35,8.684,8.678,0.006,0,1,UNDER,RETURN,50
36,8.617,8.655,-0.038,0,1,UNDER,RETURN,51
37,8.633,8.642,-0.008,0,1,UNDER,RETURN,51
38,8.617,8.605,0.012,0,1,UNDER,RETURN,51
39,8.596,8.579,0.017,0,1,UNDER,RETURN,51
40,8.552,8.544,0.009,0,1,UNDER,RETURN,51
41,8.57,8.665,-0.094,0,1,UNDER,DISTURBANCE,51
42,8.761,8.652,0.108,0,1,UNDER,DISTURBANCE,51
43,8.664,8.806,-0.142,0,1,UNDER,DISTURBANCE,51
44,8.792,8.953,-0.161,0,1,UNDER,DISTURBANCE,51
45,8.968,9.02,-0.052,0,1,UNDER,DISTURBANCE,51
46,8.914,8.822,0.092,0,1,UNDER,DISTURBANCE,51
47,8.874,9.067,-0.193,0,1,UNDER,DISTURBANCE,50
48,9.058,9.067,-0.009,0,1,UNDER,DISTURBANCE,50
49,9.032,9.035,-0.003,0,1,UNDER,DISTURBANCE,50
50,9.015,9.031,-0.016,0,1,UNDER,DISTURBANCE,51
