event_id,time_ms,weight_g,label
1,0,8.536,NONE
1,100,8.496,NONE
1,200,8.418,NONE
1,300,8.446,NONE
1,400,8.505,NONE
1,500,8.473,NONE
1,600,8.466,NONE
1,700,8.482,NONE
1,800,8.427,NONE
1,900,8.41,NONE
1,1000,8.452,NONE
1,1100,8.447,NONE
1,1200,8.421,NONE
1,1300,8.588,NONE
1,1400,8.499,NONE
1,1500,8.629,NONE
1,1600,8.606,NONE
1,1700,8.492,NONE
1,1800,8.499,NONE
1,1900,8.435,NONE
1,2000,8.515,NONE
1,2100,8.508,NONE
1,2200,8.47,NONE
1,2300,8.536,NONE
1,2400,8.528,NONE
1,2500,8.397,NONE
1,2600,8.456,NONE
1,2700,8.609,NONE
1,2800,8.626,NONE
1,2900,8.553,NONE
1,3000,8.49,NONE
1,3100,8.49,NONE
1,3200,8.495,NONE
1,3300,8.481,NONE
1,3400,8.567,NONE
1,3500,8.583,NONE
1,3600,8.47,NONE
1,3700,8.447,NONE
1,3800,8.475,NONE
1,3900,8.609,NONE
1,4000,8.631,NONE
1,4100,8.614,NONE
1,4200,8.536,NONE
1,4300,8.489,NONE
1,4400,8.473,NONE
1,4500,8.498,NONE
1,4600,8.493,NONE
1,4700,8.499,NONE
1,4800,8.528,NONE
1,4900,8.553,NONE
1,5000,8.605,NONE
2,0,8.511,NONE
2,100,8.485,NONE
2,200,8.475,NONE
2,300,8.53,NONE
2,400,8.378,NONE
2,500,8.461,NONE
2,600,8.507,NONE
2,700,8.51,NONE
2,800,8.53,NONE
2,900,8.629,NONE
2,1000,8.53,NONE
2,1100,8.481,NONE
2,1200,8.43,NONE
2,1300,8.51,NONE
2,1400,8.476,NONE
2,1500,8.406,NONE
2,1600,8.41,NONE
2,1700,8.495,NONE
2,1800,8.498,NONE
2,1900,8.57,NONE
2,2000,8.507,NONE
2,2100,8.409,NONE
2,2200,8.473,NONE
2,2300,8.499,NONE
2,2400,8.565,NONE
2,2500,8.568,NONE
2,2600,8.528,NONE
2,2700,8.492,NONE
2,2800,8.511,NONE
2,2900,8.427,NONE
2,3000,8.423,NONE
2,3100,8.453,NONE
2,3200,8.49,NONE
2,3300,8.554,NONE
2,3400,8.505,NONE
2,3500,8.545,NONE
2,3600,8.643,NONE
2,3700,8.613,NONE
2,3800,8.55,NONE
2,3900,8.502,NONE
2,4000,8.557,NONE
2,4100,8.626,NONE
2,4200,8.553,NONE
2,4300,8.413,NONE
2,4400,8.314,NONE
2,4500,8.417,NONE
2,4600,8.498,NONE
2,4700,8.542,NONE
2,4800,8.383,NONE
2,4900,8.499,NONE
2,5000,8.418,NONE
3,0,8.605,NONE
3,100,8.51,NONE
3,200,8.458,NONE
3,300,8.484,NONE
3,400,8.401,NONE
3,500,8.44,NONE
3,600,8.513,NONE
3,700,8.608,NONE
3,800,8.515,NONE
3,900,8.43,NONE
3,1000,8.501,NONE
3,1100,8.636,NONE
3,1200,8.625,NONE
3,1300,8.495,NONE
3,1400,8.495,NONE
3,1500,8.436,NONE
3,1600,8.482,NONE
3,1700,8.464,NONE
3,1800,8.51,NONE
3,1900,8.551,NONE
3,2000,8.547,NONE
3,2100,8.492,NONE
3,2200,8.446,NONE
3,2300,8.461,NONE
3,2400,8.518,NONE
3,2500,8.585,NONE
3,2600,8.577,NONE
3,2700,8.545,NONE
3,2800,8.57,NONE
3,2900,8.628,NONE
3,3000,8.645,NONE
3,3100,8.631,NONE
3,3200,8.459,NONE
3,3300,8.461,NONE
3,3400,8.417,NONE
3,3500,8.51,NONE
3,3600,8.496,NONE
3,3700,8.453,NONE
3,3800,8.515,NONE
3,3900,8.551,NONE
3,4000,8.557,NONE
3,4100,8.553,NONE
3,4200,8.524,NONE
3,4300,8.55,NONE
3,4400,8.56,NONE
3,4500,8.524,NONE
3,4600,8.573,NONE
3,4700,8.521,NONE
3,4800,8.521,NONE
3,4900,8.459,NONE
4,0,8.513,NONE
4,100,8.547,NONE
4,200,8.484,NONE
4,300,8.436,NONE
4,400,8.455,NONE
4,500,8.527,NONE
4,600,8.403,NONE
4,700,8.519,NONE
4,800,8.574,NONE
4,900,8.55,NONE
4,1000,8.576,NONE
4,1100,8.507,NONE
4,1200,8.476,NONE
4,1300,8.539,NONE
4,1400,8.527,NONE
4,1500,8.53,NONE
4,1600,8.579,NONE
4,1700,8.559,NONE
4,1800,8.528,NONE
4,1900,8.568,NONE
4,2000,8.527,NONE
4,2100,8.534,NONE
4,2200,8.583,NONE
4,2300,8.605,NONE
4,2400,8.49,NONE
4,2500,8.493,NONE
4,2600,8.423,NONE
4,2700,8.432,NONE
4,2800,8.443,NONE
4,2900,8.397,NONE
4,3000,8.461,NONE
4,3100,8.485,NONE
4,3200,8.472,NONE
4,3300,8.464,NONE
4,3400,8.38,NONE
4,3500,8.511,NONE
4,3600,8.447,NONE
4,3700,8.45,NONE
4,3800,8.502,NONE
4,3900,8.404,NONE
4,4000,8.412,NONE
4,4100,8.447,NONE
4,4200,8.522,NONE
4,4300,8.518,NONE
4,4400,8.606,NONE
4,4500,8.6,NONE
4,4600,8.567,NONE
4,4700,8.513,NONE
4,4800,8.493,NONE
4,4900,8.489,NONE
5,0,8.577,NONE
5,100,8.553,NONE
5,200,8.472,NONE
5,300,8.443,NONE
5,400,8.441,NONE
5,500,8.409,NONE
5,600,8.47,NONE
5,700,8.481,NONE
5,800,8.49,NONE
5,900,8.478,NONE
5,1000,8.519,NONE
5,1100,8.573,NONE
5,1200,8.544,NONE
5,1300,8.444,NONE
5,1400,8.564,NONE
5,1500,8.524,NONE
5,1600,8.541,NONE
5,1700,8.528,NONE
5,1800,8.403,NONE
5,1900,8.467,NONE
5,2000,8.536,NONE
5,2100,8.574,NONE
5,2200,8.505,NONE
5,2300,8.527,NONE
5,2400,8.562,NONE
5,2500,8.459,NONE
5,2600,8.513,NONE
5,2700,8.492,NONE
5,2800,8.478,NONE
5,2900,8.386,NONE
5,3000,8.391,NONE
5,3100,8.407,NONE
5,3200,8.387,NONE
5,3300,8.495,NONE
5,3400,8.475,NONE
5,3500,8.542,NONE
5,3600,8.458,NONE
5,3700,8.475,NONE
5,3800,8.557,NONE
5,3900,8.495,NONE
5,4000,8.346,NONE
5,4100,8.368,NONE
5,4200,8.481,NONE
5,4300,8.427,NONE
5,4400,8.485,NONE
5,4500,8.516,NONE
5,4600,8.53,NONE
5,4700,8.476,NONE
5,4800,8.453,NONE
5,4900,8.476,NONE
6,0,8.525,NONE
6,100,8.461,NONE
6,200,8.499,NONE
6,300,8.562,NONE
6,400,8.479,NONE
6,500,8.528,NONE
6,600,8.531,NONE
6,700,8.57,NONE
6,800,8.562,NONE
6,900,8.516,NONE
6,1000,8.489,NONE
6,1100,8.447,NONE
6,1200,8.386,NONE
6,1300,8.496,NONE
6,1400,8.51,NONE
6,1500,8.466,NONE
6,1600,8.453,NONE
6,1700,8.551,NONE
6,1800,8.565,NONE
6,1900,8.565,NONE
6,2000,8.521,NONE
6,2100,8.455,NONE
6,2200,8.438,NONE
6,2300,8.447,NONE
6,2400,8.34,NONE
6,2500,8.424,NONE
6,2600,8.522,NONE
6,2700,8.504,NONE
6,2800,8.551,NONE
6,2900,8.516,NONE
6,3000,8.459,NONE
6,3100,8.49,NONE
6,3200,8.634,NONE
6,3300,8.58,NONE
6,3400,8.58,NONE
6,3500,8.559,NONE
6,3600,8.59,NONE
6,3700,8.597,NONE
6,3800,8.606,NONE
6,3900,8.551,NONE
6,4000,8.487,NONE
6,4100,8.493,NONE
6,4200,8.551,NONE
6,4300,8.455,NONE
6,4400,8.505,NONE
6,4500,8.551,NONE
6,4600,8.576,NONE
6,4700,8.637,NONE
6,4800,8.524,NONE
6,4900,8.516,NONE
6,5000,8.553,NONE
7,0,8.412,NONE
7,100,8.467,NONE
7,200,8.55,NONE
7,300,8.583,NONE
7,400,8.56,NONE
7,500,8.55,NONE
7,600,8.421,NONE
7,700,8.45,NONE
7,800,8.432,NONE
7,900,8.398,NONE
7,1000,8.453,NONE
7,1100,8.427,NONE
7,1200,8.389,NONE
7,1300,8.374,NONE
7,1400,8.519,NONE
7,1500,8.6,NONE
7,1600,8.554,NONE
7,1700,8.536,NONE
7,1800,8.502,NONE
7,1900,8.473,NONE
7,2000,8.404,NONE
7,2100,8.429,NONE
7,2200,8.409,NONE
7,2300,8.404,NONE
7,2400,8.456,NONE
7,2500,8.547,NONE
7,2600,8.443,NONE
7,2700,8.371,NONE
7,2800,8.348,NONE
7,2900,8.369,NONE
7,3000,8.475,NONE
7,3100,8.553,NONE
7,3200,8.631,NONE
7,3300,8.574,NONE
7,3400,8.466,NONE
7,3500,8.516,NONE
7,3600,8.453,NONE
7,3700,8.413,NONE
7,3800,8.44,NONE
7,3900,8.441,NONE
7,4000,8.364,NONE
7,4100,8.481,NONE
7,4200,8.464,NONE
7,4300,8.671,NONE
7,4400,8.588,NONE
7,4500,8.57,NONE
7,4600,8.616,NONE
7,4700,8.559,NONE
7,4800,8.53,NONE
7,4900,8.417,NONE
8,0,8.482,NONE
8,100,8.432,NONE
8,200,8.472,NONE
8,300,8.507,NONE
8,400,8.501,NONE
8,500,8.508,NONE
8,600,8.505,NONE
8,700,8.496,NONE
8,800,8.519,NONE
8,900,8.521,NONE
8,1000,8.548,NONE
8,1100,8.461,NONE
8,1200,8.43,NONE
8,1300,8.473,NONE
8,1400,8.502,NONE
8,1500,8.398,NONE
8,1600,8.461,NONE
8,1700,8.492,NONE
8,1800,8.487,NONE
8,1900,8.44,NONE
8,2000,8.466,NONE
8,2100,8.47,NONE
8,2200,8.478,NONE
8,2300,8.59,NONE
8,2400,8.499,NONE
8,2500,8.438,NONE
8,2600,8.43,NONE
8,2700,8.44,NONE
8,2800,8.424,NONE
8,2900,8.357,NONE
8,3000,8.375,NONE
8,3100,8.387,NONE
8,3200,8.456,NONE
8,3300,8.479,NONE
8,3400,8.56,NONE
8,3500,8.614,NONE
8,3600,8.507,NONE
8,3700,8.527,NONE
8,3800,8.519,NONE
8,3900,8.576,NONE
8,4000,8.565,NONE
8,4100,8.564,NONE
8,4200,8.545,NONE
8,4300,8.493,NONE
8,4400,8.508,NONE
8,4500,8.525,NONE
8,4600,8.398,NONE
8,4700,8.446,NONE
8,4800,8.455,NONE
8,4900,8.476,NONE
9,0,8.505,NONE
9,100,8.536,NONE
9,200,8.511,NONE
9,300,8.533,NONE
9,400,8.547,NONE
9,500,8.545,NONE
9,600,8.538,NONE
9,700,8.516,NONE
9,800,8.518,NONE
9,900,8.479,NONE
9,1000,8.404,NONE
9,1100,8.407,NONE
9,1200,8.435,NONE
9,1300,8.56,NONE
9,1400,8.511,NONE
9,1500,8.444,NONE
9,1600,8.475,NONE
9,1700,8.461,NONE
9,1800,8.354,NONE
9,1900,8.489,NONE
9,2000,8.568,NONE
9,2100,8.406,NONE
9,2200,8.358,NONE
9,2300,8.41,NONE
9,2400,8.417,NONE
9,2500,8.462,NONE
9,2600,8.479,NONE
9,2700,8.524,NONE
9,2800,8.501,NONE
9,2900,8.547,NONE
9,3000,8.568,NONE
9,3100,8.504,NONE
9,3200,8.502,NONE
9,3300,8.443,NONE
9,3400,8.59,NONE
9,3500,8.56,NONE
9,3600,8.495,NONE
9,3700,8.531,NONE
9,3800,8.527,NONE
9,3900,8.49,NONE
9,4000,8.498,NONE
9,4100,8.449,NONE
9,4200,8.461,NONE
9,4300,8.51,NONE
9,4400,8.499,NONE
9,4500,8.536,NONE
9,4600,8.504,NONE
9,4700,8.53,NONE
9,4800,8.565,NONE
9,4900,8.567,NONE
10,1,8.345,NONE
10,101,8.413,NONE
10,201,8.421,NONE
10,301,8.461,NONE
10,401,8.464,NONE
10,501,8.458,NONE
10,601,8.478,NONE
10,701,8.392,NONE
10,801,8.369,NONE
10,901,8.453,NONE
10,1001,8.498,NONE
10,1101,8.44,NONE
10,1201,8.462,NONE
10,1301,8.449,NONE
10,1401,8.417,NONE
10,1501,8.508,NONE
10,1601,8.487,NONE
10,1701,8.449,NONE
10,1801,8.482,NONE
10,1901,8.498,NONE
10,2001,8.487,NONE
10,2101,8.499,NONE
10,2201,8.467,NONE
10,2301,8.415,NONE
10,2401,8.459,NONE
10,2501,8.464,NONE
10,2601,8.501,NONE
10,2701,8.521,NONE
10,2801,8.58,NONE
10,2901,8.515,NONE
10,3001,8.461,NONE
10,3101,8.527,NONE
10,3201,8.553,NONE
10,3301,8.521,NONE
10,3401,8.519,NONE
10,3501,8.516,NONE
10,3601,8.453,NONE
10,3701,8.481,NONE
10,3801,8.459,NONE
10,3901,8.453,NONE
10,4001,8.533,NONE
10,4101,8.591,NONE
10,4201,8.645,NONE
10,4301,8.507,NONE
10,4401,8.499,NONE
10,4501,8.449,NONE
10,4601,8.412,NONE
10,4701,8.482,NONE
10,4801,8.531,NONE
10,4901,8.544,NONE
11,1,8.479,ONE
11,101,8.502,ONE
11,201,8.464,ONE
11,301,8.447,ONE
11,401,8.544,ONE
11,501,8.482,ONE
11,601,8.571,ONE
11,701,8.619,ONE
11,801,8.528,ONE
11,901,8.492,ONE
11,1001,8.507,ONE
11,1101,8.53,ONE
11,1201,8.487,ONE
11,1301,8.438,ONE
11,1401,8.64,ONE
11,1501,10.259,ONE
11,1601,17.349,ONE
11,1701,21.496,ONE
11,1801,51.708,ONE
11,1901,42.49,ONE
11,2001,35.749,ONE
11,2101,34.067,ONE
11,2201,30.516,ONE
11,2301,20.326,ONE
11,2401,5.847,ONE
11,2501,-1.098,ONE
11,2601,7.703,ONE
11,2701,7.784,ONE
11,2801,7.757,ONE
11,2901,7.717,ONE
11,3001,7.689,ONE
11,3101,7.677,ONE
11,3201,7.695,ONE
11,3301,7.734,ONE
11,3401,7.819,ONE
11,3501,7.761,ONE
11,3601,7.636,ONE
11,3701,7.556,ONE
11,3801,7.685,ONE
11,3901,7.685,ONE
11,4001,7.75,ONE
11,4101,7.79,ONE
11,4201,7.735,ONE
11,4301,7.694,ONE
11,4401,7.726,ONE
11,4501,7.714,ONE
11,4601,7.706,ONE
11,4701,7.665,ONE
11,4801,7.666,ONE
11,4901,7.614,ONE
11,5001,7.614,ONE
12,1,8.23,ONE
12,101,8.263,ONE
12,201,8.299,ONE
12,301,8.374,ONE
12,401,8.285,ONE
12,501,8.331,ONE
12,601,8.32,ONE
12,701,8.188,ONE
12,801,8.259,ONE
12,901,9.342,ONE
12,1001,29.657,ONE
12,1101,32.237,ONE
12,1201,31.167,ONE
12,1301,26.681,ONE
12,1401,23.744,ONE
12,1501,12.274,ONE
12,1601,7.769,ONE
12,1701,7.714,ONE
12,1801,7.727,ONE
12,1901,7.66,ONE
12,2001,7.655,ONE
12,2101,7.712,ONE
12,2201,7.636,ONE
12,2301,7.675,ONE
12,2401,7.701,ONE
12,2501,7.616,ONE
12,2601,7.629,ONE
12,2701,7.548,ONE
12,2801,7.587,ONE
12,2901,7.68,ONE
12,3001,7.685,ONE
12,3101,7.758,ONE
12,3201,7.672,ONE
12,3301,7.701,ONE
12,3401,7.663,ONE
12,3501,7.706,ONE
12,3601,7.757,ONE
12,3701,7.603,ONE
12,3801,7.568,ONE
12,3901,7.619,ONE
12,4001,7.666,ONE
12,4101,7.651,ONE
12,4201,7.672,ONE
12,4301,7.634,ONE
12,4401,7.597,ONE
12,4501,7.7,ONE
12,4601,7.77,ONE
12,4701,7.766,ONE
12,4801,7.793,ONE
12,4901,7.652,ONE
12,5001,7.663,ONE
13,0,8.433,ONE
13,100,8.378,ONE
13,200,8.332,ONE
13,300,8.326,ONE
13,400,8.43,ONE
13,500,8.404,ONE
13,600,8.328,ONE
13,700,8.268,ONE
13,800,8.201,ONE
13,900,8.346,ONE
13,1000,11.885,ONE
13,1100,19.384,ONE
13,1200,24.214,ONE
13,1300,28.15,ONE
13,1400,13.028,ONE
13,1500,7.746,ONE
13,1600,7.629,ONE
13,1700,7.753,ONE
13,1800,7.766,ONE
13,1900,7.672,ONE
13,2000,7.685,ONE
13,2100,7.675,ONE
13,2200,7.726,ONE
13,2300,7.577,ONE
13,2400,7.655,ONE
13,2500,7.688,ONE
13,2600,7.694,ONE
13,2700,7.617,ONE
13,2800,7.639,ONE
13,2900,7.631,ONE
13,3000,7.694,ONE
13,3100,7.781,ONE
13,3200,7.807,ONE
13,3300,7.609,ONE
13,3400,7.567,ONE
13,3500,7.675,ONE
13,3600,7.525,ONE
13,3700,7.597,ONE
13,3800,7.712,ONE
13,3900,7.708,ONE
13,4000,7.729,ONE
13,4100,7.75,ONE
13,4200,7.658,ONE
13,4300,7.665,ONE
13,4400,7.764,ONE
13,4500,7.734,ONE
13,4600,7.715,ONE
13,4700,7.738,ONE
13,4800,7.66,ONE
13,4900,7.599,ONE
13,5000,7.681,ONE
14,0,8.427,ONE
14,100,8.452,ONE
14,200,8.459,ONE
14,300,8.409,ONE
14,400,8.26,ONE
14,500,8.291,ONE
14,600,8.326,ONE
14,700,8.092,ONE
14,800,8.064,ONE
14,900,8.3,ONE
14,1000,12.533,ONE
14,1100,19.871,ONE
14,1200,24.302,ONE
14,1300,27.547,ONE
14,1400,28.162,ONE
14,1500,12.413,ONE
14,1600,7.681,ONE
14,1700,7.499,ONE
14,1800,7.51,ONE
14,1900,7.66,ONE
14,2000,7.692,ONE
14,2100,7.64,ONE
14,2200,7.568,ONE
14,2300,7.594,ONE
14,2400,7.62,ONE
14,2500,7.665,ONE
14,2600,7.697,ONE
14,2700,7.726,ONE
14,2800,7.668,ONE
14,2900,7.579,ONE
14,3000,7.643,ONE
14,3100,7.632,ONE
14,3200,7.66,ONE
14,3300,7.732,ONE
14,3400,7.697,ONE
14,3500,7.599,ONE
14,3600,7.583,ONE
14,3700,7.594,ONE
14,3800,7.645,ONE
14,3900,7.629,ONE
14,4000,7.623,ONE
14,4100,7.562,ONE
14,4200,7.539,ONE
14,4300,7.548,ONE
14,4400,7.674,ONE
14,4500,7.625,ONE
14,4600,7.603,ONE
14,4700,7.648,ONE
14,4800,7.565,ONE
14,4900,7.553,ONE
14,5000,7.632,ONE
15,0,8.686,ONE
15,100,8.706,ONE
15,200,8.678,ONE
15,300,8.674,ONE
15,400,8.602,ONE
15,500,8.501,ONE
15,600,8.469,ONE
15,700,8.556,ONE
15,800,8.505,ONE
15,900,8.404,ONE
15,1000,8.346,ONE
15,1100,8.424,ONE
15,1200,12.764,ONE
15,1300,22.744,ONE
15,1400,31.191,ONE
15,1500,35.73,ONE
15,1600,35.662,ONE
15,1700,27.199,ONE
15,1800,14.608,ONE
15,1900,7.936,ONE
15,2000,7.939,ONE
15,2100,7.853,ONE
15,2200,7.882,ONE
15,2300,7.891,ONE
15,2400,7.911,ONE
15,2500,7.919,ONE
15,2600,7.815,ONE
15,2700,7.781,ONE
15,2800,7.833,ONE
15,2900,7.812,ONE
15,3000,7.761,ONE
15,3100,7.772,ONE
15,3200,7.807,ONE
15,3300,7.828,ONE
15,3400,7.729,ONE
15,3500,7.73,ONE
15,3600,7.873,ONE
15,3700,7.962,ONE
15,3800,7.781,ONE
15,3900,7.737,ONE
15,4000,7.718,ONE
15,4100,7.858,ONE
15,4200,7.87,ONE
15,4300,7.73,ONE
15,4400,7.726,ONE
15,4500,7.744,ONE
15,4600,7.744,ONE
15,4700,7.775,ONE
15,4800,7.738,ONE
15,4900,7.761,ONE
15,5000,7.835,ONE
16,1,8.59,ONE
16,101,8.554,ONE
16,201,8.455,ONE
16,301,8.409,ONE
16,401,8.493,ONE
16,501,8.545,ONE
16,601,8.507,ONE
16,701,8.427,ONE
16,801,8.394,ONE
16,901,9.603,ONE
16,1001,18.626,ONE
16,1101,28.891,ONE
16,1201,32.329,ONE
16,1301,34.801,ONE
16,1401,29.587,ONE
16,1501,14.464,ONE
16,1601,8.012,ONE
16,1701,7.859,ONE
16,1801,7.905,ONE
16,1901,7.806,ONE
16,2001,7.81,ONE
16,2101,7.885,ONE
16,2201,7.873,ONE
16,2301,7.881,ONE
16,2401,7.842,ONE
16,2501,7.855,ONE
16,2601,7.827,ONE
16,2701,7.851,ONE
16,2801,7.865,ONE
16,2901,7.966,ONE
16,3001,7.972,ONE
16,3101,7.975,ONE
16,3201,7.838,ONE
16,3301,7.727,ONE
16,3401,7.7,ONE
16,3501,7.813,ONE
16,3601,7.899,ONE
16,3701,7.93,ONE
16,3801,7.951,ONE
16,3901,7.891,ONE
16,4001,7.772,ONE
16,4101,7.804,ONE
16,4201,7.816,ONE
16,4301,7.841,ONE
16,4401,7.824,ONE
16,4501,7.828,ONE
16,4601,7.891,ONE
16,4701,7.988,ONE
16,4801,7.974,ONE
16,4901,7.951,ONE
16,5001,7.845,ONE
17,0,8.648,ONE
17,100,8.614,ONE
17,200,8.579,ONE
17,300,8.593,ONE
17,400,8.539,ONE
17,500,8.452,ONE
17,600,8.455,ONE
17,700,8.489,ONE
17,800,8.469,ONE
17,900,8.671,ONE
17,1000,13.47,ONE
17,1100,39.703,ONE
17,1200,44.397,ONE
17,1300,44.864,ONE
17,1400,41.386,ONE
17,1500,27.524,ONE
17,1600,9.564,ONE
17,1700,7.911,ONE
17,1800,7.851,ONE
17,1900,7.916,ONE
17,2000,7.904,ONE
17,2100,7.859,ONE
17,2200,7.79,ONE
17,2300,7.727,ONE
17,2400,7.773,ONE
17,2500,7.816,ONE
17,2600,7.712,ONE
17,2700,7.689,ONE
17,2800,7.758,ONE
17,2900,7.789,ONE
17,3000,7.738,ONE
17,3100,7.747,ONE
17,3200,7.879,ONE
17,3300,7.715,ONE
17,3400,7.783,ONE
17,3500,7.81,ONE
17,3600,7.75,ONE
17,3700,7.81,ONE
17,3800,7.899,ONE
17,3900,7.822,ONE
17,4000,7.802,ONE
17,4100,7.804,ONE
17,4200,7.799,ONE
17,4300,7.865,ONE
17,4400,7.879,ONE
17,4500,7.899,ONE
17,4600,7.949,ONE
17,4700,7.988,ONE
17,4800,7.94,ONE
17,4900,7.93,ONE
17,5000,7.997,ONE
18,0,8.528,ONE
18,100,8.629,ONE
18,200,8.6,ONE
18,300,8.484,ONE
18,400,8.891,ONE
18,500,16.953,ONE
18,600,28.715,ONE
18,700,30.884,ONE
18,800,29.945,ONE
18,900,29.804,ONE
18,1000,31.233,ONE
18,1100,8.066,ONE
18,1200,7.764,ONE
18,1300,7.76,ONE
18,1400,7.887,ONE
18,1500,7.96,ONE
18,1600,8.006,ONE
18,1700,8.032,ONE
18,1800,7.943,ONE
18,1900,7.879,ONE
18,2000,7.844,ONE
18,2100,7.891,ONE
18,2200,7.839,ONE
18,2300,7.888,ONE
18,2400,7.888,ONE
18,2500,7.933,ONE
18,2600,7.922,ONE
18,2700,7.913,ONE
18,2800,7.824,ONE
18,2900,7.813,ONE
18,3000,7.877,ONE
18,3100,7.911,ONE
18,3200,7.92,ONE
18,3300,7.799,ONE
18,3400,7.787,ONE
18,3500,7.685,ONE
18,3600,7.804,ONE
18,3700,7.856,ONE
18,3800,7.93,ONE
18,3900,7.816,ONE
18,4000,7.796,ONE
18,4100,7.858,ONE
18,4200,7.85,ONE
18,4300,7.865,ONE
18,4400,7.858,ONE
18,4500,7.806,ONE
18,4600,7.859,ONE
18,4700,7.753,ONE
18,4800,7.865,ONE
18,4900,7.853,ONE
18,5000,7.881,ONE
19,0,8.674,ONE
19,100,8.649,ONE
19,200,8.609,ONE
19,300,8.636,ONE
19,400,8.631,ONE
19,500,8.585,ONE
19,600,8.613,ONE
19,700,8.538,ONE
19,800,8.518,ONE
19,900,8.524,ONE
19,1000,10.037,ONE
19,1100,19.544,ONE
19,1200,24.907,ONE
19,1300,27.447,ONE
19,1400,32.057,ONE
19,1500,29.816,ONE
19,1600,15.648,ONE
19,1700,8.077,ONE
19,1800,7.865,ONE
19,1900,7.815,ONE
19,2000,7.847,ONE
19,2100,7.85,ONE
19,2200,7.801,ONE
19,2300,7.752,ONE
19,2400,7.836,ONE
19,2500,7.873,ONE
19,2600,7.828,ONE
19,2700,7.807,ONE
19,2800,7.861,ONE
19,2900,7.821,ONE
19,3000,7.79,ONE
19,3100,7.769,ONE
19,3200,7.818,ONE
19,3300,7.761,ONE
19,3400,7.721,ONE
19,3500,7.783,ONE
19,3600,7.822,ONE
19,3700,7.818,ONE
19,3800,7.844,ONE
19,3900,7.904,ONE
19,4000,7.969,ONE
19,4100,7.974,ONE
19,4200,7.971,ONE
19,4300,7.845,ONE
19,4400,7.812,ONE
19,4500,7.874,ONE
19,4600,7.767,ONE
19,4700,7.752,ONE
19,4800,7.819,ONE
19,4900,7.77,ONE
19,5000,7.773,ONE
20,0,8.694,ONE
20,100,8.746,ONE
20,200,8.674,ONE
20,300,8.626,ONE
20,400,8.686,ONE
20,500,8.68,ONE
20,600,8.559,ONE
20,700,8.89,ONE
20,800,14.185,ONE
20,900,23.986,ONE
20,1000,32.149,ONE
20,1100,35.766,ONE
20,1200,39.81,ONE
20,1300,45.035,ONE
20,1400,37.077,ONE
20,1500,8.015,ONE
20,1600,7.868,ONE
20,1700,7.818,ONE
20,1800,7.717,ONE
20,1900,7.766,ONE
20,2000,7.839,ONE
20,2100,7.841,ONE
20,2200,7.844,ONE
20,2300,7.902,ONE
20,2400,7.839,ONE
20,2500,7.844,ONE
20,2600,7.802,ONE
20,2700,7.752,ONE
20,2800,7.867,ONE
20,2900,7.798,ONE
20,3000,7.825,ONE
20,3100,7.833,ONE
20,3200,7.809,ONE
20,3300,7.804,ONE
20,3400,7.749,ONE
20,3500,7.749,ONE
20,3600,7.83,ONE
20,3700,7.747,ONE
20,3800,7.723,ONE
20,3900,7.79,ONE
20,4000,7.887,ONE
20,4100,7.853,ONE
20,4200,7.858,ONE
20,4300,7.839,ONE
20,4400,7.904,ONE
20,4500,7.917,ONE
20,4600,7.888,ONE
20,4700,7.816,ONE
20,4800,7.784,ONE
20,4900,7.77,ONE
20,5000,7.818,ONE
21,0,8.582,TWO
21,100,8.582,TWO
21,200,8.629,TWO
21,300,8.591,TWO
21,400,8.539,TWO
21,500,8.449,TWO
21,600,9.211,TWO
21,700,24.201,TWO
21,800,27.191,TWO
21,900,22.942,TWO
21,1000,11.306,TWO
21,1100,7.752,TWO
21,1200,7.689,TWO
21,1300,7.74,TWO
21,1400,7.727,TWO
21,1500,7.764,TWO
21,1600,7.778,TWO
21,1700,7.832,TWO
21,1800,7.685,TWO
21,1900,7.619,TWO
21,2000,7.663,TWO
21,2100,13.358,TWO
21,2200,34.04,TWO
21,2300,18.279,TWO
21,2400,8.124,TWO
21,2500,7.583,TWO
21,2600,14.804,TWO
21,2700,31.779,TWO
21,2800,34.59,TWO
21,2900,7.276,TWO
21,3000,6.948,TWO
21,3100,6.959,TWO
21,3200,7.011,TWO
21,3300,7.046,TWO
21,3400,6.922,TWO
21,3500,6.896,TWO
21,3600,6.949,TWO
21,3700,6.937,TWO
21,3800,6.923,TWO
21,3900,6.92,TWO
21,4000,6.94,TWO
21,4100,6.902,TWO
21,4200,6.968,TWO
21,4300,6.997,TWO
21,4400,6.988,TWO
21,4500,6.959,TWO
21,4600,6.992,TWO
21,4700,6.957,TWO
21,4800,6.917,TWO
21,4900,6.93,TWO
21,5000,6.953,TWO
22,0,8.536,TWO
22,100,8.573,TWO
22,200,8.45,TWO
22,300,8.352,TWO
22,400,8.323,TWO
22,500,11.202,TWO
22,600,25.124,TWO
22,700,36.628,TWO
22,800,42.041,TWO
22,900,32.871,TWO
22,1000,7.801,TWO
22,1100,7.894,TWO
22,1200,7.89,TWO
22,1300,7.802,TWO
22,1400,7.709,TWO
22,1500,7.7,TWO
22,1600,7.704,TWO
22,1700,7.654,TWO
22,1800,7.639,TWO
22,1900,7.652,TWO
22,2000,7.64,TWO
22,2100,9.092,TWO
22,2200,32.896,TWO
22,2300,61.917,TWO
22,2400,67.587,TWO
22,2500,36.167,TWO
22,2600,11.441,TWO
22,2700,7.107,TWO
22,2800,7.103,TWO
22,2900,7.098,TWO
22,3000,7.139,TWO
22,3100,7.112,TWO
22,3200,6.956,TWO
22,3300,6.919,TWO
22,3400,6.951,TWO
22,3500,7.066,TWO
22,3600,7.057,TWO
22,3700,7.002,TWO
22,3800,6.994,TWO
22,3900,7.023,TWO
22,4000,7.003,TWO
22,4100,7.077,TWO
22,4200,7.087,TWO
22,4300,7.026,TWO
22,4400,7.012,TWO
22,4500,6.991,TWO
22,4600,6.934,TWO
22,4700,6.968,TWO
22,4800,6.968,TWO
22,4900,6.934,TWO
22,5000,6.94,TWO
23,0,8.639,TWO
23,100,8.677,TWO
23,200,8.646,TWO
23,300,8.652,TWO
23,400,8.599,TWO
23,500,8.62,TWO
23,600,8.767,TWO
23,700,15.043,TWO
23,800,27.816,TWO
23,900,35.09,TWO
23,1000,35.395,TWO
23,1100,37.68,TWO
23,1200,36.727,TWO
23,1300,55.688,TWO
23,1400,57.435,TWO
23,1500,29.806,TWO
23,1600,8.781,TWO
23,1700,7.743,TWO
23,1800,7.79,TWO
23,1900,7.781,TWO
23,2000,7.749,TWO
23,2100,10.167,TWO
23,2200,21.424,TWO
23,2300,26.795,TWO
23,2400,30.577,TWO
23,2500,27.734,TWO
23,2600,14.08,TWO
23,2700,7.194,TWO
23,2800,6.94,TWO
23,2900,7.015,TWO
23,3000,6.891,TWO
23,3100,6.954,TWO
23,3200,6.986,TWO
23,3300,7.043,TWO
23,3400,7.005,TWO
23,3500,6.923,TWO
23,3600,6.946,TWO
23,3700,6.982,TWO
23,3800,6.939,TWO
23,3900,6.972,TWO
23,4000,7.119,TWO
23,4100,7.132,TWO
23,4200,7.074,TWO
23,4300,6.948,TWO
23,4400,6.91,TWO
23,4500,6.919,TWO
23,4600,6.93,TWO
23,4700,6.899,TWO
23,4800,6.913,TWO
23,4900,6.882,TWO
23,5000,6.966,TWO
24,1,8.668,TWO
24,101,8.605,TWO
24,201,8.623,TWO
24,301,8.652,TWO
24,401,8.573,TWO
24,501,8.527,TWO
24,601,11.193,TWO
24,701,29.375,TWO
24,801,33.285,TWO
24,901,35.184,TWO
24,1001,32.977,TWO
24,1101,17.764,TWO
24,1201,8.259,TWO
24,1301,7.81,TWO
24,1401,7.796,TWO
24,1501,7.859,TWO
24,1601,7.746,TWO
24,1701,7.685,TWO
24,1801,7.596,TWO
24,1901,8.351,TWO
24,2001,17.588,TWO
24,2101,29.074,TWO
24,2201,35.576,TWO
24,2301,24.727,TWO
24,2401,11.15,TWO
24,2501,7.008,TWO
24,2601,7.003,TWO
24,2701,7.025,TWO
24,2801,7.0,TWO
24,2901,6.899,TWO
24,3001,7.003,TWO
24,3101,6.96,TWO
24,3201,6.972,TWO
24,3301,6.977,TWO
24,3401,7.034,TWO
24,3501,6.974,TWO
24,3601,7.077,TWO
24,3701,7.096,TWO
24,3801,7.025,TWO
24,3901,6.965,TWO
24,4001,7.015,TWO
24,4101,6.925,TWO
24,4201,6.911,TWO
24,4301,6.997,TWO
24,4401,6.897,TWO
24,4501,6.847,TWO
24,4601,6.864,TWO
24,4701,6.914,TWO
24,4801,6.965,TWO
24,4901,6.977,TWO
24,5001,6.963,TWO
25,1,8.68,TWO
25,101,8.778,TWO
25,201,8.73,TWO
25,301,8.646,TWO
25,401,8.461,TWO
25,501,8.455,TWO
25,601,8.501,TWO
25,701,11.119,TWO
25,801,31.372,TWO
25,901,51.894,TWO
25,1001,54.654,TWO
25,1101,48.609,TWO
25,1201,43.361,TWO
25,1301,45.219,TWO
25,1401,10.657,TWO
25,1501,7.711,TWO
25,1601,7.769,TWO
25,1701,7.839,TWO
25,1801,7.718,TWO
25,1901,7.706,TWO
25,2001,7.899,TWO
25,2101,32.139,TWO
25,2201,38.538,TWO
25,2301,39.436,TWO
25,2401,26.606,TWO
25,2501,9.631,TWO
25,2601,6.905,TWO
25,2701,6.827,TWO
25,2801,6.862,TWO
25,2901,6.989,TWO
25,3001,7.003,TWO
25,3101,7.015,TWO
25,3201,7.003,TWO
25,3301,6.949,TWO
25,3401,6.939,TWO
25,3501,6.93,TWO
25,3601,6.972,TWO
25,3701,6.943,TWO
25,3801,6.956,TWO
25,3901,6.962,TWO
25,4001,6.933,TWO
25,4101,6.897,TWO
25,4201,6.911,TWO
25,4301,6.939,TWO
25,4401,7.0,TWO
25,4501,7.018,TWO
25,4601,6.959,TWO
25,4701,6.884,TWO
25,4801,6.905,TWO
25,4901,6.953,TWO
25,5001,6.992,TWO
26,1,8.599,TWO
26,101,8.527,TWO
26,201,8.51,TWO
26,301,8.677,TWO
26,401,8.577,TWO
26,501,8.479,TWO
26,601,8.383,TWO
26,701,8.397,TWO
26,801,12.283,TWO
26,901,29.418,TWO
26,1001,48.247,TWO
26,1101,59.983,TWO
26,1201,66.348,TWO
26,1301,61.378,TWO
26,1401,55.864,TWO
26,1501,63.922,TWO
26,1601,68.666,TWO
26,1701,68.565,TWO
26,1801,72.76,TWO
26,1901,79.832,TWO
26,2001,89.533,TWO
26,2101,85.473,TWO
26,2201,67.234,TWO
26,2301,43.698,TWO
26,2401,19.449,TWO
26,2501,7.582,TWO
26,2601,7.337,TWO
26,2701,7.331,TWO
26,2801,7.282,TWO
26,2901,7.257,TWO
26,3001,7.256,TWO
26,3101,7.161,TWO
26,3201,7.09,TWO
26,3301,7.123,TWO
26,3401,7.168,TWO
26,3501,7.276,TWO
26,3601,7.245,TWO
26,3701,7.191,TWO
26,3801,7.24,TWO
26,3901,7.259,TWO
26,4001,7.193,TWO
26,4101,7.211,TWO
26,4201,7.271,TWO
26,4301,7.306,TWO
26,4401,7.19,TWO
26,4501,7.144,TWO
26,4601,7.191,TWO
26,4701,7.159,TWO
26,4801,7.124,TWO
26,4901,7.234,TWO
26,5001,7.162,TWO
27,1,8.877,TWO
27,101,8.899,TWO
27,201,8.841,TWO
27,301,8.76,TWO
27,401,8.72,TWO
27,501,8.643,TWO
27,601,8.628,TWO
27,701,8.542,TWO
27,801,12.176,TWO
27,901,33.444,TWO
27,1001,60.735,TWO
27,1101,83.755,TWO
27,1201,87.055,TWO
27,1301,79.028,TWO
27,1401,37.922,TWO
27,1501,9.634,TWO
27,1601,7.092,TWO
27,1701,7.139,TWO
27,1801,7.132,TWO
27,1901,7.159,TWO
27,2001,7.251,TWO
27,2101,7.214,TWO
27,2201,7.205,TWO
27,2301,7.132,TWO
27,2401,7.04,TWO
27,2501,7.074,TWO
27,2601,7.135,TWO
27,2701,7.126,TWO
27,2801,7.196,TWO
27,2901,7.15,TWO
27,3001,7.112,TWO
27,3101,7.064,TWO
27,3201,7.084,TWO
27,3301,7.158,TWO
27,3401,7.144,TWO
27,3501,7.123,TWO
27,3601,7.04,TWO
27,3701,7.1,TWO
27,3801,7.142,TWO
27,3901,7.222,TWO
27,4001,7.248,TWO
27,4101,7.28,TWO
27,4201,7.237,TWO
27,4301,7.101,TWO
27,4401,7.08,TWO
27,4501,7.074,TWO
27,4601,7.087,TWO
27,4701,7.135,TWO
27,4801,7.07,TWO
27,4901,7.092,TWO
27,5001,7.165,TWO
28,0,8.773,TWO
28,100,8.692,TWO
28,200,8.7,TWO
28,300,8.724,TWO
28,400,8.609,TWO
28,500,8.58,TWO
28,600,8.562,TWO
28,700,8.645,TWO
28,800,13.124,TWO
28,900,28.031,TWO
28,1000,64.942,TWO
28,1100,64.167,TWO
28,1200,41.599,TWO
28,1300,11.201,TWO
28,1400,7.107,TWO
28,1500,7.09,TWO
28,1600,7.054,TWO
28,1700,7.116,TWO
28,1800,7.153,TWO
28,1900,7.142,TWO
28,2000,7.207,TWO
28,2100,7.162,TWO
28,2200,6.992,TWO
28,2300,7.054,TWO
28,2400,7.191,TWO
28,2500,7.247,TWO
28,2600,7.15,TWO
28,2700,7.175,TWO
28,2800,7.214,TWO
28,2900,7.193,TWO
28,3000,7.233,TWO
28,3100,7.064,TWO
28,3200,6.997,TWO
28,3300,7.057,TWO
28,3400,7.052,TWO
28,3500,7.035,TWO
28,3600,7.014,TWO
28,3700,7.047,TWO
28,3800,7.152,TWO
28,3900,7.092,TWO
28,4000,7.093,TWO
28,4100,7.115,TWO
28,4200,7.106,TWO
28,4300,7.112,TWO
28,4400,7.014,TWO
28,4500,7.038,TWO
28,4600,7.158,TWO
28,4700,7.132,TWO
28,4800,7.135,TWO
28,4900,7.161,TWO
28,5000,7.098,TWO
29,0,8.706,TWO
29,100,8.769,TWO
29,200,8.769,TWO
29,300,8.757,TWO
29,400,8.755,TWO
29,500,8.593,TWO
29,600,8.845,TWO
29,700,15.266,TWO
29,800,32.129,TWO
29,900,45.816,TWO
29,1000,52.015,TWO
29,1100,31.876,TWO
29,1200,9.752,TWO
29,1300,7.084,TWO
29,1400,7.008,TWO
29,1500,7.06,TWO
29,1600,7.072,TWO
29,1700,7.017,TWO
29,1800,7.011,TWO
29,1900,6.992,TWO
29,2000,7.115,TWO
29,2100,7.038,TWO
29,2200,7.041,TWO
29,2300,7.072,TWO
29,2400,7.049,TWO
29,2500,7.087,TWO
29,2600,7.126,TWO
29,2700,7.092,TWO
29,2800,7.104,TWO
29,2900,7.021,TWO
29,3000,7.066,TWO
29,3100,7.006,TWO
29,3200,7.014,TWO
29,3300,7.031,TWO
29,3400,6.977,TWO
29,3500,7.144,TWO
29,3600,7.205,TWO
29,3700,7.136,TWO
29,3800,7.037,TWO
29,3900,7.003,TWO
29,4000,6.982,TWO
29,4100,6.965,TWO
29,4200,6.988,TWO
29,4300,7.119,TWO
29,4400,7.126,TWO
29,4500,7.185,TWO
29,4600,7.083,TWO
29,4700,7.07,TWO
29,4800,7.087,TWO
29,4900,7.096,TWO
29,5000,7.066,TWO
30,0,8.776,TWO
30,100,8.806,TWO
30,200,8.787,TWO
30,300,8.75,TWO
30,400,8.64,TWO
30,500,8.507,TWO
30,600,8.775,TWO
30,700,15.815,TWO
30,800,41.237,TWO
30,900,64.479,TWO
30,1000,78.4,TWO
30,1100,77.568,TWO
30,1200,76.276,TWO
30,1300,60.217,TWO
30,1400,43.243,TWO
30,1500,44.364,TWO
30,1600,54.796,TWO
30,1700,60.467,TWO
30,1800,39.856,TWO
30,1900,17.067,TWO
30,2000,7.623,TWO
30,2100,7.201,TWO
30,2200,7.155,TWO
30,2300,7.158,TWO
30,2400,7.127,TWO
30,2500,7.081,TWO
30,2600,7.17,TWO
30,2700,7.09,TWO
30,2800,7.035,TWO
30,2900,7.072,TWO
30,3000,7.077,TWO
30,3100,7.058,TWO
30,3200,7.058,TWO
30,3300,7.123,TWO
30,3400,7.07,TWO
30,3500,7.072,TWO
30,3600,7.115,TWO
30,3700,7.103,TWO
30,3800,7.121,TWO
30,3900,7.051,TWO
30,4000,7.121,TWO
30,4100,6.986,TWO
30,4200,7.077,TWO
30,4300,7.06,TWO
30,4400,7.067,TWO
30,4500,7.136,TWO
30,4600,7.08,TWO
30,4700,7.06,TWO
30,4800,6.971,TWO
30,4900,7.008,TWO
30,5000,7.058,TWO
31,0,8.403,RETURN
31,100,8.462,RETURN
31,200,8.364,RETURN
31,300,8.507,RETURN
31,400,13.769,RETURN
31,500,30.392,RETURN
31,600,41.998,RETURN
31,700,43.651,RETURN
31,800,45.634,RETURN
31,900,39.662,RETURN
31,1000,40.553,RETURN
31,1100,32.809,RETURN
31,1200,16.129,RETURN
31,1300,8.04,RETURN
31,1400,7.828,RETURN
31,1500,7.874,RETURN
31,1600,7.881,RETURN
31,1700,7.701,RETURN
31,1800,7.689,RETURN
31,1900,9.116,RETURN
31,2000,10.934,RETURN
31,2100,14.547,RETURN
31,2200,21.665,RETURN
31,2300,17.407,RETURN
31,2400,8.683,RETURN
31,2500,8.708,RETURN
31,2600,8.755,RETURN
31,2700,8.77,RETURN
31,2800,8.796,RETURN
31,2900,8.836,RETURN
31,3000,8.83,RETURN
31,3100,8.737,RETURN
31,3200,8.706,RETURN
31,3300,8.769,RETURN
31,3400,8.838,RETURN
31,3500,8.789,RETURN
31,3600,8.686,RETURN
31,3700,8.711,RETURN
31,3800,8.744,RETURN
31,3900,8.752,RETURN
31,4000,8.677,RETURN
31,4100,8.613,RETURN
31,4200,8.62,RETURN
31,4300,8.639,RETURN
31,4400,8.692,RETURN
31,4500,8.594,RETURN
31,4600,8.694,RETURN
31,4700,8.721,RETURN
31,4800,8.663,RETURN
31,4900,8.789,RETURN
31,5000,8.792,RETURN
32,0,8.666,RETURN
32,100,8.747,RETURN
32,200,8.634,RETURN
32,300,8.611,RETURN
32,400,8.708,RETURN
32,500,8.606,RETURN
32,600,8.634,RETURN
32,700,8.663,RETURN
32,800,8.55,RETURN
32,900,8.645,RETURN
32,1000,8.631,RETURN
32,1100,8.593,RETURN
32,1200,8.634,RETURN
32,1300,13.495,RETURN
32,1400,36.562,RETURN
32,1500,48.188,RETURN
32,1600,34.018,RETURN
32,1700,27.032,RETURN
32,1800,18.159,RETURN
32,1900,8.735,RETURN
32,2000,7.766,RETURN
32,2100,7.841,RETURN
32,2200,7.812,RETURN
32,2300,7.89,RETURN
32,2400,7.881,RETURN
32,2500,7.79,RETURN
32,2600,7.858,RETURN
32,2700,7.845,RETURN
32,2800,7.862,RETURN
32,2900,7.862,RETURN
32,3000,14.067,RETURN
32,3100,55.977,RETURN
32,3200,51.969,RETURN
32,3300,17.247,RETURN
32,3400,8.873,RETURN
32,3500,8.727,RETURN
32,3600,8.779,RETURN
32,3700,8.735,RETURN
32,3800,8.726,RETURN
32,3900,8.896,RETURN
32,4000,8.882,RETURN
32,4100,8.801,RETURN
32,4200,8.72,RETURN
32,4300,8.675,RETURN
32,4400,8.772,RETURN
32,4500,8.743,RETURN
32,4600,8.832,RETURN
32,4700,8.859,RETURN
32,4800,8.755,RETURN
32,4900,8.686,RETURN
32,5000,8.766,RETURN
33,0,8.706,RETURN
33,100,8.698,RETURN
33,200,8.686,RETURN
33,300,8.672,RETURN
33,400,8.541,RETURN
33,500,8.608,RETURN
33,600,8.64,RETURN
33,700,8.658,RETURN
33,800,8.632,RETURN
33,900,8.674,RETURN
33,1000,10.323,RETURN
33,1100,12.427,RETURN
33,1200,21.116,RETURN
33,1300,42.858,RETURN
33,1400,41.807,RETURN
33,1500,33.394,RETURN
33,1600,22.908,RETURN
33,1700,7.972,RETURN
33,1800,7.764,RETURN
33,1900,7.784,RETURN
33,2000,7.839,RETURN
33,2100,7.923,RETURN
33,2200,7.891,RETURN
33,2300,7.761,RETURN
33,2400,7.76,RETURN
33,2500,7.832,RETURN
33,2600,7.873,RETURN
33,2700,7.902,RETURN
33,2800,7.842,RETURN
33,2900,8.611,RETURN
33,3000,8.98,RETURN
33,3100,8.685,RETURN
33,3200,8.637,RETURN
33,3300,8.694,RETURN
33,3400,8.681,RETURN
33,3500,8.666,RETURN
33,3600,8.669,RETURN
33,3700,8.571,RETURN
33,3800,8.521,RETURN
33,3900,8.66,RETURN
33,4000,8.62,RETURN
33,4100,8.66,RETURN
33,4200,8.632,RETURN
33,4300,8.697,RETURN
33,4400,8.799,RETURN
33,4500,8.732,RETURN
33,4600,8.643,RETURN
33,4700,8.609,RETURN
33,4800,8.629,RETURN
33,4900,8.646,RETURN
33,5000,8.7,RETURN
34,0,8.651,RETURN
34,100,8.525,RETURN
34,200,8.498,RETURN
34,300,8.6,RETURN
34,400,8.642,RETURN
34,500,8.547,RETURN
34,600,9.162,RETURN
34,700,25.014,RETURN
34,800,46.109,RETURN
34,900,32.632,RETURN
34,1000,31.576,RETURN
34,1100,34.023,RETURN
34,1200,30.352,RETURN
34,1300,17.317,RETURN
34,1400,8.692,RETURN
34,1500,7.778,RETURN
34,1600,7.79,RETURN
34,1700,7.806,RETURN
34,1800,7.904,RETURN
34,1900,7.939,RETURN
34,2000,7.92,RETURN
34,2100,7.896,RETURN
34,2200,7.816,RETURN
34,2300,7.865,RETURN
34,2400,7.908,RETURN
34,2500,9.891,RETURN
34,2600,16.585,RETURN
34,2700,14.606,RETURN
34,2800,8.553,RETURN
34,2900,8.568,RETURN
34,3000,8.64,RETURN
34,3100,8.741,RETURN
34,3200,8.672,RETURN
34,3300,8.611,RETURN
34,3400,8.655,RETURN
34,3500,8.657,RETURN
34,3600,8.652,RETURN
34,3700,8.662,RETURN
34,3800,8.715,RETURN
34,3900,8.674,RETURN
34,4000,8.674,RETURN
34,4100,8.665,RETURN
34,4200,8.76,RETURN
34,4300,8.741,RETURN
34,4400,8.554,RETURN
34,4500,8.516,RETURN
34,4600,8.55,RETURN
34,4700,8.539,RETURN
34,4800,8.585,RETURN
34,4900,8.691,RETURN
35,1,8.519,RETURN
35,101,8.671,RETURN
35,201,8.769,RETURN
35,301,8.56,RETURN
35,401,8.642,RETURN
35,501,8.658,RETURN
35,601,8.631,RETURN
35,701,8.665,RETURN
35,801,9.812,RETURN
35,901,21.643,RETURN
35,1001,19.688,RETURN
35,1101,11.727,RETURN
35,1201,31.107,RETURN
35,1301,47.764,RETURN
35,1401,43.7,RETURN
35,1501,37.096,RETURN
35,1601,31.541,RETURN
35,1701,23.438,RETURN
35,1801,7.986,RETURN
35,1901,7.75,RETURN
35,2001,7.743,RETURN
35,2101,7.855,RETURN
35,2201,7.868,RETURN
35,2301,7.839,RETURN
35,2401,7.824,RETURN
35,2501,7.855,RETURN
35,2601,7.847,RETURN
35,2701,7.783,RETURN
35,2801,7.855,RETURN
35,2901,7.884,RETURN
35,3001,7.902,RETURN
35,3101,7.839,RETURN
35,3201,7.842,RETURN
35,3301,7.711,RETURN
35,3401,8.391,RETURN
35,3501,14.577,RETURN
35,3601,21.908,RETURN
35,3701,18.139,RETURN
35,3801,10.282,RETURN
35,3901,8.58,RETURN
35,4001,8.625,RETURN
35,4101,8.649,RETURN
35,4201,8.7,RETURN
35,4301,8.665,RETURN
35,4401,8.689,RETURN
35,4501,8.677,RETURN
35,4601,8.605,RETURN
35,4701,8.658,RETURN
35,4801,8.685,RETURN
35,4901,8.701,RETURN
36,1,8.588,RETURN
36,101,8.507,RETURN
36,201,8.527,RETURN
36,301,8.582,RETURN
36,401,8.594,RETURN
36,501,8.608,RETURN
36,601,8.496,RETURN
36,701,8.42,RETURN
36,801,8.49,RETURN
36,901,8.504,RETURN
36,1001,9.098,RETURN
36,1101,54.568,RETURN
36,1201,66.27,RETURN
36,1301,63.663,RETURN
36,1401,56.527,RETURN
36,1501,53.139,RETURN
36,1601,50.289,RETURN
36,1701,49.41,RETURN
36,1801,56.469,RETURN
36,1901,55.807,RETURN
36,2001,43.213,RETURN
36,2101,18.296,RETURN
36,2201,8.492,RETURN
36,2301,7.776,RETURN
36,2401,7.761,RETURN
36,2501,7.75,RETURN
36,2601,7.795,RETURN
36,2701,7.821,RETURN
36,2801,7.881,RETURN
36,2901,7.876,RETURN
36,3001,7.899,RETURN
36,3101,7.873,RETURN
36,3201,7.732,RETURN
36,3301,7.793,RETURN
36,3401,8.202,RETURN
36,3501,11.273,RETURN
36,3601,11.335,RETURN
36,3701,8.73,RETURN
36,3801,8.597,RETURN
36,3901,8.616,RETURN
36,4001,8.669,RETURN
36,4101,8.718,RETURN
36,4201,8.623,RETURN
36,4301,8.605,RETURN
36,4401,8.668,RETURN
36,4501,8.645,RETURN
36,4601,8.606,RETURN
36,4701,8.568,RETURN
36,4801,8.642,RETURN
36,4901,8.652,RETURN
36,5001,8.562,RETURN
37,1,8.591,RETURN
37,101,8.538,RETURN
37,201,8.484,RETURN
37,301,8.499,RETURN
37,401,8.492,RETURN
37,501,8.539,RETURN
37,601,8.602,RETURN
37,701,8.568,RETURN
37,801,8.528,RETURN
37,901,8.57,RETURN
37,1001,39.825,RETURN
37,1101,61.129,RETURN
37,1201,33.268,RETURN
37,1301,15.59,RETURN
37,1401,39.839,RETURN
37,1501,64.694,RETURN
37,1601,65.738,RETURN
37,1701,13.064,RETURN
37,1801,7.858,RETURN
37,1901,7.735,RETURN
37,2001,7.851,RETURN
37,2101,7.877,RETURN
37,2201,7.769,RETURN
37,2301,7.792,RETURN
37,2401,7.897,RETURN
37,2501,7.888,RETURN
37,2601,7.815,RETURN
37,2701,7.806,RETURN
37,2801,7.749,RETURN
37,2901,7.758,RETURN
37,3001,7.636,RETURN
37,3101,7.753,RETURN
37,3201,26.066,RETURN
37,3301,18.294,RETURN
37,3401,9.116,RETURN
37,3501,8.556,RETURN
37,3601,8.64,RETURN
37,3701,8.726,RETURN
37,3801,8.746,RETURN
37,3901,8.623,RETURN
37,4001,8.606,RETURN
37,4101,8.639,RETURN
37,4201,8.642,RETURN
37,4301,8.694,RETURN
37,4401,8.648,RETURN
37,4501,8.686,RETURN
37,4601,8.703,RETURN
37,4701,8.619,RETURN
37,4801,8.583,RETURN
37,4901,8.53,RETURN
37,5001,8.534,RETURN
38,1,8.548,RETURN
38,101,8.639,RETURN
38,201,8.626,RETURN
38,301,8.528,RETURN
38,401,8.496,RETURN
38,501,8.524,RETURN
38,601,8.58,RETURN
38,701,8.496,RETURN
38,801,8.505,RETURN
38,901,8.778,RETURN
38,1001,26.882,RETURN
38,1101,84.983,RETURN
38,1201,106.711,RETURN
38,1301,105.075,RETURN
38,1401,76.953,RETURN
38,1501,68.894,RETURN
38,1601,58.668,RETURN
38,1701,22.711,RETURN
38,1801,8.291,RETURN
38,1901,7.793,RETURN
38,2001,7.784,RETURN
38,2101,7.913,RETURN
38,2201,7.757,RETURN
38,2301,7.757,RETURN
38,2401,7.767,RETURN
38,2501,7.704,RETURN
38,2601,7.988,RETURN
38,2701,10.72,RETURN
38,2801,10.306,RETURN
38,2901,8.394,RETURN
38,3001,8.435,RETURN
38,3101,8.432,RETURN
38,3201,8.608,RETURN
38,3301,8.672,RETURN
38,3401,8.64,RETURN
38,3501,8.642,RETURN
38,3601,8.556,RETURN
38,3701,8.662,RETURN
38,3801,8.64,RETURN
38,3901,8.541,RETURN
38,4001,8.536,RETURN
38,4101,8.557,RETURN
38,4201,8.579,RETURN
38,4301,8.646,RETURN
38,4401,8.639,RETURN
38,4501,8.57,RETURN
38,4601,8.603,RETURN
38,4701,8.652,RETURN
38,4801,8.639,RETURN
38,4901,8.583,RETURN
38,5001,8.646,RETURN
39,1,8.609,RETURN
39,101,8.744,RETURN
39,201,8.712,RETURN
39,301,8.564,RETURN
39,401,8.547,RETURN
39,501,8.577,RETURN
39,601,8.603,RETURN
39,701,8.599,RETURN
39,801,8.606,RETURN
39,901,13.856,RETURN
39,1001,34.939,RETURN
39,1101,50.562,RETURN
39,1201,44.349,RETURN
39,1301,34.93,RETURN
39,1401,25.198,RETURN
39,1501,26.337,RETURN
39,1601,16.913,RETURN
39,1701,9.165,RETURN
39,1801,7.804,RETURN
39,1901,7.871,RETURN
39,2001,7.76,RETURN
39,2101,7.789,RETURN
39,2201,7.737,RETURN
39,2301,7.677,RETURN
39,2401,7.718,RETURN
39,2501,7.743,RETURN
39,2601,7.715,RETURN
39,2701,7.657,RETURN
39,2801,8.04,RETURN
39,2901,14.588,RETURN
39,3001,9.816,RETURN
39,3101,8.449,RETURN
39,3201,8.554,RETURN
39,3301,8.51,RETURN
39,3401,8.527,RETURN
39,3501,8.573,RETURN
39,3601,8.528,RETURN
39,3701,8.637,RETURN
39,3801,8.654,RETURN
39,3901,8.62,RETURN
39,4001,8.623,RETURN
39,4101,8.625,RETURN
39,4201,8.726,RETURN
39,4301,8.489,RETURN
39,4401,8.435,RETURN
39,4501,8.521,RETURN
39,4601,8.461,RETURN
39,4701,8.49,RETURN
39,4801,8.649,RETURN
39,4901,8.571,RETURN
39,5001,8.591,RETURN
40,0,8.536,RETURN
40,100,8.565,RETURN
40,200,8.6,RETURN
40,300,8.4,RETURN
40,400,8.654,RETURN
40,500,15.126,RETURN
40,600,30.446,RETURN
40,700,36.841,RETURN
40,800,37.888,RETURN
40,900,35.649,RETURN
40,1000,9.778,RETURN
40,1100,7.591,RETURN
40,1200,7.567,RETURN
40,1300,7.663,RETURN
40,1400,7.626,RETURN
40,1500,7.692,RETURN
40,1600,7.75,RETURN
40,1700,7.812,RETURN
40,1800,8.043,RETURN
40,1900,8.429,RETURN
40,2000,8.606,RETURN
40,2100,8.496,RETURN
40,2200,8.452,RETURN
40,2300,8.536,RETURN
40,2400,8.593,RETURN
40,2500,8.458,RETURN
40,2600,8.527,RETURN
40,2700,8.658,RETURN
40,2800,8.634,RETURN
40,2900,8.637,RETURN
40,3000,8.565,RETURN
40,3100,8.466,RETURN
40,3200,8.544,RETURN
40,3300,8.495,RETURN
40,3400,8.45,RETURN
40,3500,8.426,RETURN
40,3600,8.418,RETURN
40,3700,8.461,RETURN
40,3800,8.544,RETURN
40,3900,8.513,RETURN
40,4000,8.545,RETURN
40,4100,8.502,RETURN
40,4200,8.485,RETURN
40,4300,8.568,RETURN
40,4400,8.553,RETURN
40,4500,8.53,RETURN
40,4600,8.568,RETURN
40,4700,8.574,RETURN
40,4800,8.544,RETURN
40,4900,8.489,RETURN
40,5000,8.541,RETURN
41,0,8.493,DISTURBANCE
41,100,8.553,DISTURBANCE
41,200,8.504,DISTURBANCE
41,300,8.545,DISTURBANCE
41,400,8.496,DISTURBANCE
41,500,8.34,DISTURBANCE
41,600,8.288,DISTURBANCE
41,700,8.182,DISTURBANCE
41,800,14.779,DISTURBANCE
41,900,71.296,DISTURBANCE
41,1000,172.994,DISTURBANCE
41,1100,270.824,DISTURBANCE
41,1200,219.106,DISTURBANCE
41,1300,8.953,DISTURBANCE
41,1400,8.511,DISTURBANCE
41,1500,8.62,DISTURBANCE
41,1600,8.62,DISTURBANCE
41,1700,8.677,DISTURBANCE
41,1800,8.744,DISTURBANCE
41,1900,8.727,DISTURBANCE
41,2000,8.697,DISTURBANCE
41,2100,8.668,DISTURBANCE
41,2200,8.694,DISTURBANCE
41,2300,8.66,DISTURBANCE
41,2400,8.62,DISTURBANCE
41,2500,8.669,DISTURBANCE
41,2600,8.574,DISTURBANCE
41,2700,8.685,DISTURBANCE
41,2800,8.66,DISTURBANCE
41,2900,8.709,DISTURBANCE
41,3000,8.689,DISTURBANCE
41,3100,8.683,DISTURBANCE
41,3200,8.757,DISTURBANCE
41,3300,8.666,DISTURBANCE
41,3400,8.613,DISTURBANCE
41,3500,8.587,DISTURBANCE
41,3600,8.74,DISTURBANCE
41,3700,8.812,DISTURBANCE
41,3800,8.72,DISTURBANCE
41,3900,8.609,DISTURBANCE
41,4000,8.577,DISTURBANCE
41,4100,8.53,DISTURBANCE
41,4200,8.626,DISTURBANCE
41,4300,8.723,DISTURBANCE
41,4400,8.717,DISTURBANCE
41,4500,8.688,DISTURBANCE
41,4600,8.76,DISTURBANCE
41,4700,8.622,DISTURBANCE
41,4800,8.605,DISTURBANCE
41,4900,8.737,DISTURBANCE
41,5000,8.746,DISTURBANCE
42,0,8.743,DISTURBANCE
42,100,8.865,DISTURBANCE
42,200,8.74,DISTURBANCE
42,300,8.666,DISTURBANCE
42,400,8.646,DISTURBANCE
42,500,8.559,DISTURBANCE
42,600,8.484,DISTURBANCE
42,700,11.418,DISTURBANCE
42,800,135.723,DISTURBANCE
42,900,189.23,DISTURBANCE
42,1000,108.616,DISTURBANCE
42,1100,19.611,DISTURBANCE
42,1200,8.251,DISTURBANCE
42,1300,8.406,DISTURBANCE
42,1400,8.467,DISTURBANCE
42,1500,8.446,DISTURBANCE
42,1600,8.49,DISTURBANCE
42,1700,8.606,DISTURBANCE
42,1800,8.628,DISTURBANCE
42,1900,8.568,DISTURBANCE
42,2000,8.617,DISTURBANCE
42,2100,8.743,DISTURBANCE
42,2200,8.669,DISTURBANCE
42,2300,8.729,DISTURBANCE
42,2400,8.605,DISTURBANCE
42,2500,8.56,DISTURBANCE
42,2600,8.502,DISTURBANCE
42,2700,8.599,DISTURBANCE
42,2800,8.685,DISTURBANCE
42,2900,8.625,DISTURBANCE
42,3000,8.678,DISTURBANCE
42,3100,8.695,DISTURBANCE
42,3200,8.711,DISTURBANCE
42,3300,8.675,DISTURBANCE
42,3400,8.711,DISTURBANCE
42,3500,8.723,DISTURBANCE
42,3600,8.616,DISTURBANCE
42,3700,8.6,DISTURBANCE
42,3800,8.573,DISTURBANCE
42,3900,8.564,DISTURBANCE
42,4000,8.619,DISTURBANCE
42,4100,8.614,DISTURBANCE
42,4200,8.66,DISTURBANCE
42,4300,8.703,DISTURBANCE
42,4400,8.691,DISTURBANCE
42,4500,8.677,DISTURBANCE
42,4600,8.645,DISTURBANCE
42,4700,8.564,DISTURBANCE
42,4800,8.582,DISTURBANCE
42,4900,8.662,DISTURBANCE
42,5000,8.619,DISTURBANCE
43,0,8.646,DISTURBANCE
43,100,8.573,DISTURBANCE
43,200,8.504,DISTURBANCE
43,300,8.602,DISTURBANCE
43,400,8.614,DISTURBANCE
43,500,8.53,DISTURBANCE
43,600,8.447,DISTURBANCE
43,700,8.594,DISTURBANCE
43,800,8.691,DISTURBANCE
43,900,8.701,DISTURBANCE
43,1000,8.539,DISTURBANCE
43,1100,8.538,DISTURBANCE
43,1200,85.917,DISTURBANCE
43,1300,65.243,DISTURBANCE
43,1400,13.784,DISTURBANCE
43,1500,8.613,DISTURBANCE
43,1600,8.599,DISTURBANCE
43,1700,8.666,DISTURBANCE
43,1800,8.62,DISTURBANCE
43,1900,8.743,DISTURBANCE
43,2000,8.652,DISTURBANCE
43,2100,8.648,DISTURBANCE
43,2200,8.68,DISTURBANCE
43,2300,8.735,DISTURBANCE
43,2400,8.758,DISTURBANCE
43,2500,8.775,DISTURBANCE
43,2600,8.709,DISTURBANCE
43,2700,8.688,DISTURBANCE
43,2800,8.801,DISTURBANCE
43,2900,8.813,DISTURBANCE
43,3000,8.76,DISTURBANCE
43,3100,8.729,DISTURBANCE
43,3200,8.743,DISTURBANCE
43,3300,8.773,DISTURBANCE
43,3400,8.783,DISTURBANCE
43,3500,8.773,DISTURBANCE
43,3600,8.786,DISTURBANCE
43,3700,8.753,DISTURBANCE
43,3800,8.747,DISTURBANCE
43,3900,8.767,DISTURBANCE
43,4000,8.763,DISTURBANCE
43,4100,8.793,DISTURBANCE
43,4200,8.802,DISTURBANCE
43,4300,8.81,DISTURBANCE
43,4400,8.796,DISTURBANCE
43,4500,8.695,DISTURBANCE
43,4600,8.695,DISTURBANCE
43,4700,8.721,DISTURBANCE
43,4800,8.822,DISTURBANCE
43,4900,8.784,DISTURBANCE
43,5000,8.801,DISTURBANCE
44,0,8.828,DISTURBANCE
44,100,8.796,DISTURBANCE
44,200,8.761,DISTURBANCE
44,300,8.591,DISTURBANCE
44,400,8.507,DISTURBANCE
44,500,8.469,DISTURBANCE
44,600,8.551,DISTURBANCE
44,700,8.66,DISTURBANCE
44,800,9.98,DISTURBANCE
44,900,124.096,DISTURBANCE
44,1000,231.695,DISTURBANCE
44,1100,172.193,DISTURBANCE
44,1200,37.855,DISTURBANCE
44,1300,9.1,DISTURBANCE
44,1400,8.949,DISTURBANCE
44,1500,8.925,DISTURBANCE
44,1600,8.991,DISTURBANCE
44,1700,8.891,DISTURBANCE
44,1800,8.873,DISTURBANCE
44,1900,8.975,DISTURBANCE
44,2000,9.049,DISTURBANCE
44,2100,9.043,DISTURBANCE
44,2200,8.963,DISTURBANCE
44,2300,8.945,DISTURBANCE
44,2400,9.018,DISTURBANCE
44,2500,8.911,DISTURBANCE
44,2600,8.893,DISTURBANCE
44,2700,8.877,DISTURBANCE
44,2800,8.888,DISTURBANCE
44,2900,9.043,DISTURBANCE
44,3000,9.015,DISTURBANCE
44,3100,8.925,DISTURBANCE
44,3200,8.957,DISTURBANCE
44,3300,8.933,DISTURBANCE
44,3400,8.885,DISTURBANCE
44,3500,8.969,DISTURBANCE
44,3600,8.953,DISTURBANCE
44,3700,8.92,DISTURBANCE
44,3800,8.977,DISTURBANCE
44,3900,8.997,DISTURBANCE
44,4000,9.031,DISTURBANCE
44,4100,8.968,DISTURBANCE
44,4200,9.06,DISTURBANCE
44,4300,9.115,DISTURBANCE
44,4400,9.119,DISTURBANCE
44,4500,8.982,DISTURBANCE
44,4600,9.103,DISTURBANCE
44,4700,9.075,DISTURBANCE
44,4800,9.044,DISTURBANCE
44,4900,8.977,DISTURBANCE
44,5000,9.025,DISTURBANCE
45,0,8.923,DISTURBANCE
45,100,8.885,DISTURBANCE
45,200,8.848,DISTURBANCE
45,300,8.873,DISTURBANCE
45,400,8.936,DISTURBANCE
45,500,8.894,DISTURBANCE
45,600,8.757,DISTURBANCE
45,700,8.747,DISTURBANCE
45,800,8.709,DISTURBANCE
45,900,8.576,DISTURBANCE
45,1000,8.551,DISTURBANCE
45,1100,10.352,DISTURBANCE
45,1200,34.977,DISTURBANCE
45,1300,95.516,DISTURBANCE
45,1400,151.877,DISTURBANCE
45,1500,33.372,DISTURBANCE
45,1600,9.294,DISTURBANCE
45,1700,8.91,DISTURBANCE
45,1800,8.928,DISTURBANCE
45,1900,9.028,DISTURBANCE
45,2000,9.032,DISTURBANCE
45,2100,8.962,DISTURBANCE
45,2200,8.94,DISTURBANCE
45,2300,8.974,DISTURBANCE
45,2400,8.962,DISTURBANCE
45,2500,8.962,DISTURBANCE
45,2600,8.982,DISTURBANCE
45,2700,8.949,DISTURBANCE
45,2800,9.017,DISTURBANCE
45,2900,9.089,DISTURBANCE
45,3000,9.04,DISTURBANCE
45,3100,9.054,DISTURBANCE
45,3200,9.049,DISTURBANCE
45,3300,9.038,DISTURBANCE
45,3400,9.041,DISTURBANCE
45,3500,9.067,DISTURBANCE
45,3600,9.049,DISTURBANCE
45,3700,8.867,DISTURBANCE
45,3800,8.971,DISTURBANCE
45,3900,8.899,DISTURBANCE
45,4000,8.907,DISTURBANCE
45,4100,9.06,DISTURBANCE
45,4200,9.155,DISTURBANCE
45,4300,9.11,DISTURBANCE
45,4400,9.051,DISTURBANCE
45,4500,9.009,DISTURBANCE
45,4600,9.1,DISTURBANCE
45,4700,9.023,DISTURBANCE
45,4800,8.966,DISTURBANCE
45,4900,9.011,DISTURBANCE
45,5000,9.086,DISTURBANCE
46,1,8.94,DISTURBANCE
46,101,8.956,DISTURBANCE
46,201,8.934,DISTURBANCE
46,301,9.002,DISTURBANCE
46,401,9.127,DISTURBANCE
46,501,9.138,DISTURBANCE
46,601,9.161,DISTURBANCE
46,701,8.989,DISTURBANCE
46,801,8.864,DISTURBANCE
46,901,8.884,DISTURBANCE
46,1001,12.3,DISTURBANCE
46,1101,59.688,DISTURBANCE
46,1201,169.873,DISTURBANCE
46,1301,178.277,DISTURBANCE
46,1401,58.876,DISTURBANCE
46,1501,11.827,DISTURBANCE
46,1601,8.668,DISTURBANCE
46,1701,8.689,DISTURBANCE
46,1801,8.599,DISTURBANCE
46,1901,8.593,DISTURBANCE
46,2001,8.703,DISTURBANCE
46,2101,8.81,DISTURBANCE
46,2201,8.873,DISTURBANCE
46,2301,8.801,DISTURBANCE
46,2401,8.862,DISTURBANCE
46,2501,8.897,DISTURBANCE
46,2601,8.922,DISTURBANCE
46,2701,8.876,DISTURBANCE
46,2801,8.882,DISTURBANCE
46,2901,8.945,DISTURBANCE
46,3001,8.799,DISTURBANCE
46,3101,8.827,DISTURBANCE
46,3201,8.783,DISTURBANCE
46,3301,8.807,DISTURBANCE
46,3401,8.847,DISTURBANCE
46,3501,8.836,DISTURBANCE
46,3601,8.877,DISTURBANCE
46,3701,8.858,DISTURBANCE
46,3801,8.871,DISTURBANCE
46,3901,8.839,DISTURBANCE
46,4001,8.861,DISTURBANCE
46,4101,8.933,DISTURBANCE
46,4201,8.89,DISTURBANCE
46,4301,8.802,DISTURBANCE
46,4401,8.821,DISTURBANCE
46,4501,8.828,DISTURBANCE
46,4601,8.877,DISTURBANCE
46,4701,8.807,DISTURBANCE
46,4801,8.822,DISTURBANCE
46,4901,8.856,DISTURBANCE
46,5001,8.913,DISTURBANCE
47,1,8.951,DISTURBANCE
47,101,8.949,DISTURBANCE
47,201,8.848,DISTURBANCE
47,301,8.885,DISTURBANCE
47,401,8.891,DISTURBANCE
47,501,8.864,DISTURBANCE
47,601,8.819,DISTURBANCE
47,701,8.757,DISTURBANCE
47,801,8.747,DISTURBANCE
47,901,8.686,DISTURBANCE
47,1001,8.62,DISTURBANCE
47,1101,10.9,DISTURBANCE
47,1201,37.319,DISTURBANCE
47,1301,83.214,DISTURBANCE
47,1401,134.609,DISTURBANCE
47,1501,198.983,DISTURBANCE
47,1601,249.265,DISTURBANCE
47,1701,271.288,DISTURBANCE
47,1801,61.142,DISTURBANCE
47,1901,11.299,DISTURBANCE
47,2001,8.809,DISTURBANCE
47,2101,8.942,DISTURBANCE
47,2201,9.025,DISTURBANCE
47,2301,8.969,DISTURBANCE
47,2401,8.975,DISTURBANCE
47,2501,9.126,DISTURBANCE
47,2601,9.009,DISTURBANCE
47,2701,9.139,DISTURBANCE
47,2801,9.123,DISTURBANCE
47,2901,9.119,DISTURBANCE
47,3001,9.141,DISTURBANCE
47,3101,9.109,DISTURBANCE
47,3201,9.138,DISTURBANCE
47,3301,9.17,DISTURBANCE
47,3401,9.123,DISTURBANCE
47,3501,9.044,DISTURBANCE
47,3601,9.034,DISTURBANCE
47,3701,9.119,DISTURBANCE
47,3801,9.237,DISTURBANCE
47,3901,9.243,DISTURBANCE
47,4001,9.152,DISTURBANCE
47,4101,9.159,DISTURBANCE
47,4201,9.106,DISTURBANCE
47,4301,9.086,DISTURBANCE
47,4401,9.124,DISTURBANCE
47,4501,9.092,DISTURBANCE
47,4601,9.109,DISTURBANCE
47,4701,9.139,DISTURBANCE
47,4801,9.043,DISTURBANCE
47,4901,9.054,DISTURBANCE
48,1,9.028,DISTURBANCE
48,101,8.951,DISTURBANCE
48,201,8.959,DISTURBANCE
48,301,9.118,DISTURBANCE
48,401,9.167,DISTURBANCE
48,501,9.051,DISTURBANCE
48,601,8.965,DISTURBANCE
48,701,8.953,DISTURBANCE
48,801,9.032,DISTURBANCE
48,901,8.997,DISTURBANCE
48,1001,9.057,DISTURBANCE
48,1101,9.093,DISTURBANCE
48,1201,9.018,DISTURBANCE
48,1301,9.032,DISTURBANCE
48,1401,8.998,DISTURBANCE
48,1501,9.302,DISTURBANCE
48,1601,18.213,DISTURBANCE
48,1701,43.343,DISTURBANCE
48,1801,87.141,DISTURBANCE
48,1901,147.784,DISTURBANCE
48,2001,198.404,DISTURBANCE
48,2101,212.467,DISTURBANCE
48,2201,30.418,DISTURBANCE
48,2301,9.098,DISTURBANCE
48,2401,8.98,DISTURBANCE
48,2501,9.126,DISTURBANCE
48,2601,9.193,DISTURBANCE
48,2701,9.277,DISTURBANCE
48,2801,9.26,DISTURBANCE
48,2901,9.17,DISTURBANCE
48,3001,9.178,DISTURBANCE
48,3101,9.13,DISTURBANCE
48,3201,9.028,DISTURBANCE
48,3301,9.155,DISTURBANCE
48,3401,9.193,DISTURBANCE
48,3501,9.194,DISTURBANCE
48,3601,9.208,DISTURBANCE
48,3701,9.02,DISTURBANCE
48,3801,9.025,DISTURBANCE
48,3901,9.147,DISTURBANCE
48,4001,9.178,DISTURBANCE
48,4101,9.202,DISTURBANCE
48,4201,9.17,DISTURBANCE
48,4301,9.202,DISTURBANCE
48,4401,9.135,DISTURBANCE
48,4501,9.098,DISTURBANCE
48,4601,9.116,DISTURBANCE
48,4701,9.106,DISTURBANCE
48,4801,9.077,DISTURBANCE
48,4901,9.063,DISTURBANCE
49,1,8.842,DISTURBANCE
49,101,8.827,DISTURBANCE
49,201,8.809,DISTURBANCE
49,301,8.911,DISTURBANCE
49,401,8.923,DISTURBANCE
49,501,8.942,DISTURBANCE
49,601,8.917,DISTURBANCE
49,701,9.017,DISTURBANCE
49,801,9.025,DISTURBANCE
49,901,8.94,DISTURBANCE
49,1001,8.876,DISTURBANCE
49,1101,8.873,DISTURBANCE
49,1201,8.855,DISTURBANCE
49,1301,8.839,DISTURBANCE
49,1401,8.902,DISTURBANCE
49,1501,11.478,DISTURBANCE
49,1601,41.662,DISTURBANCE
49,1701,101.593,DISTURBANCE
49,1801,153.752,DISTURBANCE
49,1901,201.91,DISTURBANCE
49,2001,277.165,DISTURBANCE
49,2101,304.481,DISTURBANCE
49,2201,294.818,DISTURBANCE
49,2301,158.311,DISTURBANCE
49,2401,25.922,DISTURBANCE
49,2501,9.156,DISTURBANCE
49,2601,9.144,DISTURBANCE
49,2701,9.159,DISTURBANCE
49,2801,9.17,DISTURBANCE
49,2901,9.129,DISTURBANCE
49,3001,9.1,DISTURBANCE
49,3101,9.138,DISTURBANCE
49,3201,9.167,DISTURBANCE
49,3301,9.216,DISTURBANCE
49,3401,9.24,DISTURBANCE
49,3501,9.155,DISTURBANCE
49,3601,9.165,DISTURBANCE
49,3701,9.11,DISTURBANCE
49,3801,9.144,DISTURBANCE
49,3901,9.162,DISTURBANCE
49,4001,9.103,DISTURBANCE
49,4101,8.991,DISTURBANCE
49,4201,9.06,DISTURBANCE
49,4301,9.035,DISTURBANCE
49,4401,9.037,DISTURBANCE
49,4501,8.983,DISTURBANCE
49,4601,9.087,DISTURBANCE
49,4701,9.133,DISTURBANCE
49,4801,9.224,DISTURBANCE
49,4901,9.142,DISTURBANCE
50,0,9.129,DISTURBANCE
50,100,9.017,DISTURBANCE
50,200,9.106,DISTURBANCE
50,300,9.086,DISTURBANCE
50,400,8.939,DISTURBANCE
50,500,9.009,DISTURBANCE
50,600,8.989,DISTURBANCE
50,700,8.887,DISTURBANCE
50,800,8.911,DISTURBANCE
50,900,8.868,DISTURBANCE
50,1000,8.851,DISTURBANCE
50,1100,8.838,DISTURBANCE
50,1200,8.858,DISTURBANCE
50,1300,19.142,DISTURBANCE
50,1400,73.654,DISTURBANCE
50,1500,151.833,DISTURBANCE
50,1600,280.645,DISTURBANCE
50,1700,291.691,DISTURBANCE
50,1800,296.372,DISTURBANCE
50,1900,190.779,DISTURBANCE
50,2000,38.23,DISTURBANCE
50,2100,9.237,DISTURBANCE
50,2200,9.118,DISTURBANCE
50,2300,9.067,DISTURBANCE
50,2400,8.963,DISTURBANCE
50,2500,8.995,DISTURBANCE
50,2600,9.04,DISTURBANCE
50,2700,9.162,DISTURBANCE
50,2800,8.998,DISTURBANCE
50,2900,8.87,DISTURBANCE
50,3000,9.158,DISTURBANCE
50,3100,9.103,DISTURBANCE
50,3200,9.064,DISTURBANCE
50,3300,9.1,DISTURBANCE
50,3400,9.032,DISTURBANCE
50,3500,9.031,DISTURBANCE
50,3600,9.165,DISTURBANCE
50,3700,9.064,DISTURBANCE
50,3800,9.072,DISTURBANCE
50,3900,9.168,DISTURBANCE
50,4000,9.052,DISTURBANCE
50,4100,8.885,DISTURBANCE
50,4200,8.974,DISTURBANCE
50,4300,8.884,DISTURBANCE
50,4400,8.848,DISTURBANCE
50,4500,8.994,DISTURBANCE
50,4600,9.13,DISTURBANCE
50,4700,9.136,DISTURBANCE
50,4800,9.052,DISTURBANCE
50,4900,9.141,DISTURBANCE
50,5000,9.208,DISTURBANCE
