event_id,before_g,after_g,removed_g,predicted_count,expected_count,prediction,label,n_samples,template_source
1,8.168,8.173,-0.005,,1,,NONE,51,round1-E9
2,8.796,8.784,0.013,,1,,NONE,51,round1-E1
3,8.513,8.476,0.037,,1,,NONE,51,round2-E2
4,8.759,8.724,0.035,,1,,NONE,51,round1-E5
5,8.344,8.322,0.022,,1,,NONE,51,round1-E5
6,8.1,8.144,-0.044,,1,,NONE,51,round2-E9
7,8.76,8.754,0.005,,1,,NONE,51,round1-E1
8,8.991,8.981,0.01,,1,,NONE,51,round1-E6
9,8.799,8.764,0.034,,1,,NONE,51,round1-E10
10,8.998,9.017,-0.019,,1,,NONE,51,round1-E9
11,8.868,8.046,0.822,,1,,ONE,51,round2-E13
12,8.684,7.934,0.75,,1,,ONE,51,round1-E13
13,8.74,7.946,0.794,,1,,ONE,51,round2-E14
14,8.894,8.031,0.863,,1,,ONE,51,round1-E18
15,8.895,8.059,0.836,,1,,ONE,51,round2-E17
16,8.269,7.478,0.791,,1,,ONE,51,round1-E15
17,8.572,7.766,0.806,,1,,ONE,51,round2-E13
18,8.269,7.351,0.919,,1,,ONE,51,round1-E14
19,8.895,8.08,0.815,,1,,ONE,51,round1-E13
20,8.202,7.415,0.787,,1,,ONE,51,round2-E17
21,8.436,6.917,1.519,,1,,TWO,51,round1-E26
22,8.578,6.99,1.588,,1,,TWO,51,round1-E24
23,8.263,6.57,1.693,,1,,TWO,51,round1-E25
24,8.534,6.982,1.552,,1,,TWO,51,round1-E29
25,8.393,6.703,1.69,,1,,TWO,51,round2-E21
26,8.12,6.453,1.667,,1,,TWO,51,round1-E26
27,8.683,7.025,1.658,,1,,TWO,51,round2-E21
28,8.202,6.597,1.605,,1,,TWO,51,round1-E27
29,8.311,6.698,1.613,,1,,TWO,51,round2-E30
30,8.057,6.242,1.815,,1,,TWO,51,round1-E24
31,8.59,8.555,0.036,,1,,RETURN,51,round1-E39
32,8.763,8.831,-0.068,,1,,RETURN,51,round1-E34
33,8.813,8.895,-0.081,,1,,RETURN,51,round1-E34
34,8.307,8.339,-0.032,,1,,RETURN,51,round2-E40
35,8.128,8.211,-0.084,,1,,RETURN,51,round2-E35
36,8.436,8.437,-0.001,,1,,RETURN,51,round1-E37
37,8.155,8.159,-0.004,,1,,RETURN,51,round1-E35
38,8.382,8.434,-0.051,,1,,RETURN,51,round2-E34
39,8.037,8.128,-0.091,,1,,RETURN,51,round2-E31
40,8.916,9.089,-0.173,,1,,RETURN,51,round1-E33
41,8.282,8.399,-0.116,,1,,DISTURBANCE,51,round2-E44
42,8.531,8.481,0.049,,1,,DISTURBANCE,51,round2-E48
43,8.819,8.794,0.025,,1,,DISTURBANCE,51,round1-E45
44,8.322,8.453,-0.131,,1,,DISTURBANCE,51,round1-E50
45,8.955,9.024,-0.069,,1,,DISTURBANCE,51,round1-E45
46,8.826,8.796,0.03,,1,,DISTURBANCE,51,round1-E47
47,8.594,8.631,-0.037,,1,,DISTURBANCE,51,round2-E50
48,8.176,8.229,-0.053,,1,,DISTURBANCE,51,round1-E48
49,8.52,8.533,-0.014,,1,,DISTURBANCE,51,round1-E47
50,8.525,8.428,0.097,,1,,DISTURBANCE,51,round1-E41
